date,n_readings,r1_note,r1_eurosuper_usd_t,r1_gazole_usd_t,r1_fioul_domestique_usd_t,r1_brent_date_usd_t,r2_note,r2_eurosuper_usd_t,r2_gazole_usd_t,r2_fioul_domestique_usd_t,r2_brent_date_usd_t,r3_note,r3_eurosuper_usd_t,r3_gazole_usd_t,r3_fioul_domestique_usd_t,r3_brent_date_usd_t,r4_note,r4_eurosuper_usd_t,r4_gazole_usd_t,r4_fioul_domestique_usd_t,r4_brent_date_usd_t,r5_note,r5_eurosuper_usd_t,r5_gazole_usd_t,r5_fioul_domestique_usd_t,r5_brent_date_usd_t,r6_note,r6_eurosuper_usd_t,r6_gazole_usd_t,r6_fioul_domestique_usd_t,r6_brent_date_usd_t,r7_note,r7_eurosuper_usd_t,r7_gazole_usd_t,r7_fioul_domestique_usd_t,r7_brent_date_usd_t,r8_note,r8_eurosuper_usd_t,r8_gazole_usd_t,r8_fioul_domestique_usd_t,r8_brent_date_usd_t,r9_note,r9_eurosuper_usd_t,r9_gazole_usd_t,r9_fioul_domestique_usd_t,r9_brent_date_usd_t
2022-07-01,1,wb_NPG-2024.06.21.pdf,1414.6217821361515,1268.8563458823082,1286.5248836100468,899.5839073725732,,,,,,,,,,,,,,,,,,,,,,,,,,,,,,,,,,,,,,,,
2022-07-08,1,wb_NPG-2024.06.21.pdf,1296.2425793603034,1201.7159025169021,1211.4335982671587,859.8296974851613,,,,,,,,,,,,,,,,,,,,,,,,,,,,,,,,,,,,,,,,
2022-07-15,1,wb_NPG-2024.06.21.pdf,1215.8507326990934,1162.8451195158773,1176.096522811681,826.2594758024578,,,,,,,,,,,,,,,,,,,,,,,,,,,,,,,,,,,,,,,,
2022-07-22,1,wb_NPG-2024.06.21.pdf,1158.4279850839425,1126.6246171740136,1121.3240558556918,859.8296974851613,,,,,,,,,,,,,,,,,,,,,,,,,,,,,,,,,,,,,,,,
2022-07-29,1,wb_NPG-2024.06.21.pdf,1152.2439968792337,1101.0052374687925,1099.238383696019,812.1246456202674,,,,,,,,,,,,,,,,,,,,,,,,,,,,,,,,,,,,,,,,
2022-08-05,1,wb_NPG-2024.06.21.pdf,1097.4715299232448,1064.7847351269284,1056.8338931494463,785.6218390286593,,,,,,,,,,,,,,,,,,,,,,,,,,,,,,,,,,,,,,,,
2022-08-12,2,wb_NPG-2024.06.21.pdf,1034.748220989773,1013.5459757164871,1017.0796832620348,779.4378508239514,wb_NPG-2024.07.12.pdf,1034.84921832716,1013.5294893165872,1016.7496567192261,779.7342318594997,,,,,,,,,,,,,,,,,,,,,,,,,,,,,,,,,,,
2022-08-19,2,wb_NPG-2024.06.21.pdf,1031.2145134442253,1063.9013082405413,1070.0852964452497,736.1499333909918,wb_NPG-2024.07.12.pdf,1031.1293697758365,1063.6086444403809,1070.0489792456578,736.3730121791423,,,,,,,,,,,,,,,,,,,,,,,,,,,,,,,,,,,
2022-08-26,2,wb_NPG-2024.06.21.pdf,1025.0305252395165,1155.7777044247819,1135.4588860378826,734.3830796182177,wb_NPG-2024.07.12.pdf,1024.744555098191,1155.8275764366344,1135.0630487023786,734.7629284778232,,,,,,,,,,,,,,,,,,,,,,,,,,,,,,,,,,,
2022-09-02,2,wb_NPG-2024.06.21.pdf,956.1232281013362,1146.0600086745258,1116.906921423757,729.965945186283,wb_NPG-2024.07.12.pdf,956.5103182388316,1146.22259435635,1117.4631682431293,729.9881975014969,,,,,,,,,,,,,,,,,,,,,,,,,,,,,,,,,,,
2022-09-09,3,wb_NPG-2024.06.21.pdf,927.8535677369549,1109.8395063326616,1086.8704072866012,680.4940395486154,wb_NPG-2024.07.12.pdf,927.6953719979797,1109.468269864165,1087.0936584285894,680.4087235263889,wb_NPG-2024.08.30.pdf,928.3270085763048,1109.5382346322688,1087.0474796253227,680.2861104997024,,,,,,,,,,,,,,,,,,,,,,,,,,,,,,
2022-09-16,3,wb_NPG-2024.06.21.pdf,922.5530064186331,1056.8338931494463,1036.515074762547,689.3283084124845,wb_NPG-2024.07.12.pdf,922.3654397453365,1057.223829762735,1036.45930202848,688.9588231816708,wb_NPG-2024.08.30.pdf,922.5436715745192,1057.488201616194,1036.925225609844,689.2824125024805,,,,,,,,,,,,,,,,,,,,,,,,,,,,,,
2022-09-23,3,wb_NPG-2024.06.21.pdf,917.2524451003118,1004.7117068526171,979.0923271473961,673.4266244575196,wb_NPG-2024.07.12.pdf,917.5907087690102,1004.9793896613057,978.8849296744072,672.9690264237413,wb_NPG-2024.08.30.pdf,918.0455205731297,1005.4381686001196,979.0918555919826,673.2175874975193,,,,,,,,,,,,,,,,,,,,,,,,,,,,,,
2022-09-30,3,wb_NPG-2024.06.21.pdf,904.884468690895,1012.6625488301,982.6260346929442,647.807244752299,wb_NPG-2024.07.12.pdf,905.320760562405,1012.4746068915852,982.6047782257308,647.8739287342128,wb_NPG-2024.08.30.pdf,905.8362535693594,1013.1492846025006,982.9474135931736,648.1564604897798,,,,,,,,,,,,,,,,,,,,,,,,,,,,,,
2022-10-07,3,wb_NPG-2024.06.21.pdf,996.7608648751356,1070.0852964452497,1047.9996242855768,694.6288697308058,wb_NPG-2024.07.12.pdf,996.4848101336559,1070.0489792456578,1048.174048958768,694.7884365829991,wb_NPG-2024.08.30.pdf,996.4418665973409,1070.340061620163,1048.4918996134159,695.0657495042668,,,,,,,,,,,,,,,,,,,,,,,,,,,,,,
2022-10-14,3,wb_NPG-2024.06.21.pdf,1061.251027581381,1176.9799496980681,1146.0600086745258,719.3648225496398,wb_NPG-2024.07.12.pdf,1061.4433594627446,1176.6476242985218,1146.22259435635,719.8280141448959,wb_NPG-2024.08.30.pdf,1061.3437596173849,1177.0104996531065,1146.1660356435807,720.1268765120066,,,,,,,,,,,,,,,,,,,,,,,,,,,,,,
2022-10-21,3,wb_NPG-2024.06.21.pdf,1002.9448530798435,1290.0585911555945,1140.7594473562044,683.1443202077761,wb_NPG-2024.07.12.pdf,1002.869624811301,1290.2973255606107,1140.8926621037067,683.6288909290274,wb_NPG-2024.08.30.pdf,1002.8677965993257,1290.7494606882326,1141.025291641993,683.4990755006944,,,,,,,,,,,,,,,,,,,,,,,,,,,,,,
2022-10-28,3,wb_NPG-2024.06.21.pdf,1009.1288412845519,1243.2369661770872,1118.673775196531,693.7454428444188,wb_NPG-2024.07.12.pdf,1009.2544394889464,1242.7165761802444,1118.518050668132,693.17835288168,wb_NPG-2024.08.30.pdf,1009.2937266013099,1243.1975786735472,1119.1771296352454,693.7805635038698,,,,,,,,,,,,,,,,,,,,,,,,,,,,,,
2022-11-04,3,wb_NPG-2024.06.21.pdf,997.6442917615217,1101.0052374687925,1106.3057987871143,714.0642612313185,wb_NPG-2024.07.12.pdf,996.9844912823412,1100.9181702088827,1106.248102461526,713.4431994672502,wb_NPG-2024.08.30.pdf,997.727052597738,1101.1845256296892,1106.3252696312763,713.7009465100217,,,,,,,,,,,,,,,,,,,,,,,,,,,,,,
2022-11-11,3,wb_NPG-2024.06.21.pdf,1021.4968176939686,1008.2454143981653,1030.3310865578383,725.5488107543487,wb_NPG-2024.07.12.pdf,1022.0795889718695,1008.1995570639444,1030.0744873508338,725.157946397539,wb_NPG-2024.08.30.pdf,1022.1455866052789,1008.6511336011114,1030.499295607859,725.2676205135939,,,,,,,,,,,,,,,,,,,,,,,,,,,,,,
2022-11-18,3,wb_NPG-2024.06.21.pdf,961.423789419658,1001.1779993070694,967.6077776243668,701.6962848219017,wb_NPG-2024.07.12.pdf,961.840250491475,1001.2595411099819,967.1701827441184,701.7284525369614,wb_NPG-2024.08.30.pdf,962.3844375868229,1001.5826105989287,967.5251815884106,702.1342725064497,,,,,,,,,,,,,,,,,,,,,,,,,,,,,,
2022-11-25,3,wb_NPG-2024.06.21.pdf,872.1976738945781,958.7735087604968,923.4364333050202,656.6415136161685,wb_NPG-2024.07.12.pdf,872.2862846215432,958.6200830888363,923.9755234466554,656.4240283894947,wb_NPG-2024.08.30.pdf,872.4214175590397,958.5288795856321,923.828857574916,656.5101694923598,,,,,,,,,,,,,,,,,,,,,,,,,,,,,,
2022-12-02,3,wb_NPG-2024.06.21.pdf,855.412563053227,946.4055323510805,897.8170535997991,632.7889876837211,wb_NPG-2024.07.12.pdf,855.2416054386113,946.350134882231,897.8810634597569,632.9945345289173,wb_NPG-2024.08.30.pdf,855.71399955388,946.3196125818616,898.1251375669775,633.3768214852151,,,,,,,,,,,,,,,,,,,,,,,,,,,,,,
2022-12-09,3,wb_NPG-2024.06.21.pdf,810.3577918474933,900.4673342589602,839.5108790982621,604.5193273193398,wb_NPG-2024.07.12.pdf,810.4368624398298,899.9908283097616,839.7514898293671,604.1795882880649,wb_NPG-2024.08.30.pdf,810.7324895399885,900.0529165675731,839.6491745489187,604.4601364762849,,,,,,,,,,,,,,,,,,,,,,,,,,,,,,
2022-12-16,3,wb_NPG-2024.06.21.pdf,769.7201550736949,937.571263487211,877.4982352128999,600.1021928874051,wb_NPG-2024.07.12.pdf,769.4074881200036,937.8555553545805,877.6162168741866,600.4597397367413,wb_NPG-2024.08.30.pdf,769.6065375272871,937.9659035792819,877.5621615606275,600.6045784750944,,,,,,,,,,,,,,,,,,,,,,,,,,,,,,
2022-12-23,3,wb_NPG-2024.06.21.pdf,797.9898154380766,941.9883979191458,883.6822234176087,601.8690466601787,wb_NPG-2024.07.12.pdf,798.2224343608557,942.1306051822219,883.5013504031465,601.5146221617435,wb_NPG-2024.08.30.pdf,798.5232225362173,942.4640545806707,883.9880915626117,601.889764475491,,,,,,,,,,,,,,,,,,,,,,,,,,,,,,
2022-12-30,3,wb_NPG-2024.06.21.pdf,844.8114404165839,993.2271573295878,933.1541290552758,612.4701692968218,wb_NPG-2024.07.12.pdf,845.0814220820105,993.2646427310169,933.5805055269398,612.7296879433468,wb_NPG-2024.08.30.pdf,845.432511550705,993.2289015963485,933.4677525778926,612.8138454788647,,,,,,,,,,,,,,,,,,,,,,,,,,,,,,
2023-01-06,3,wb_NPG-2024.06.21.pdf,866.0136856898702,898.7004804861862,888.9827847359296,591.267924023536,wb_NPG-2024.07.12.pdf,865.9014699438981,898.3807446084425,888.8312826557899,590.8547576564572,wb_NPG-2024.08.30.pdf,865.9954875570551,898.767730567176,889.1288355641994,590.9656834721176,,,,,,,,,,,,,,,,,,,,,,,,,,,,,,
2023-01-13,3,wb_NPG-2024.06.21.pdf,856.2959899396136,896.9336267134121,902.2341880317339,593.9182046826967,wb_NPG-2024.07.12.pdf,856.2964878636137,896.8261810347544,901.6009120110807,594.0749250590957,wb_NPG-2024.08.30.pdf,856.999185554277,897.4825445667792,901.9806955681685,594.1786484731095,,,,,,,,,,,,,,,,,,,,,,,,,,,,,,
2023-01-20,4,wb_NPG-2024.06.21.pdf,929.620421509729,944.6386785783064,941.9883979191458,629.2552801381734,wb_NPG-2024.07.12.pdf,929.8606569756159,944.2403700322263,942.1306051822219,629.2191658499617,wb_NPG-2024.08.30.pdf,930.2547875769002,944.391833581266,942.4640545806707,628.8786704838261,wb_NPG-2025.01.17.pdf,929.5672960610191,943.7023482512025,941.7526858801425,628.8318753250521,,,,,,,,,,,,,,,,,,,,,,,,,
2023-01-27,4,wb_NPG-2024.06.21.pdf,977.3254733746224,979.9757540337831,982.6260346929442,646.9238178659124,wb_NPG-2024.07.12.pdf,976.7751648244025,979.9398120994092,982.6047782257308,646.8190463092105,wb_NPG-2024.08.30.pdf,977.1640765913872,979.7344485921811,982.9474135931736,646.8712744893829,wb_NPG-2025.01.17.pdf,976.3591929664531,979.2836865230428,982.2081800796321,646.3788366645899,,,,,,,,,,,,,,,,,,,,,,,,,
2023-02-03,4,wb_NPG-2024.06.21.pdf,945.5221054646935,893.3999191678644,893.3999191678644,623.954718819852,wb_NPG-2024.07.12.pdf,945.2952524572283,893.050812355799,893.6060136321162,623.8892335973185,wb_NPG-2024.08.30.pdf,945.6770195816631,893.6269865655889,893.6269865655889,623.7379264822385,wb_NPG-2025.01.17.pdf,945.1645950294967,893.0111266036488,893.4985421964136,623.470303804638,,,,,,,,,,,,,,,,,,,,,,,,,
2023-02-10,4,wb_NPG-2024.06.21.pdf,901.3507611453473,814.7749262794285,821.8423413705235,615.120449955983,wb_NPG-2024.07.12.pdf,901.6009120110807,814.7119122674706,822.2071294977502,614.8394527933515,wb_NPG-2024.08.30.pdf,901.9806955681685,814.5880475411788,822.2991635435604,614.7416244794603,wb_NPG-2025.01.17.pdf,901.2971916806525,814.0498005757286,821.848450059968,614.696823134869,,,,,,,,,,,,,,,,,,,,,,,,,
2023-02-17,4,wb_NPG-2024.06.21.pdf,920.7861526458595,824.4926220296846,837.744025325488,636.3226952292692,wb_NPG-2024.07.12.pdf,920.8108761716489,824.3168943477549,837.6417249793626,636.7143830802411,wb_NPG-2024.08.30.pdf,921.2584855741221,824.2269425441558,837.7213955483231,636.5897864862076,wb_NPG-2025.01.17.pdf,920.7938153912498,823.7981124310272,836.9583334356805,636.1431092165262,,,,,,,,,,,,,,,,,,,,,,,,,
2023-02-24,4,wb_NPG-2024.06.21.pdf,897.8170535997991,794.4561078925288,800.6400960972372,612.4701692968218,wb_NPG-2024.07.12.pdf,897.3258621834398,794.4470656819003,800.3321992108602,612.7296879433468,wb_NPG-2024.08.30.pdf,898.1251375669775,794.667664535027,800.4510015368127,612.8138454788647,wb_NPG-2025.01.17.pdf,897.3978669385328,794.0657612723662,799.9147483855452,612.747160763809,,,,,,,,,,,,,,,,,,,,,,,,,
2023-03-03,4,wb_NPG-2024.06.21.pdf,905.767895577282,828.0263295752319,835.0937446663278,622.1878650470779,wb_NPG-2024.07.12.pdf,905.320760562405,828.5919441753956,834.976758853041,621.779468747314,wb_NPG-2024.08.30.pdf,905.8362535693594,828.7250935455451,835.1510235475292,621.8101474816432,wb_NPG-2025.01.17.pdf,905.1965164227722,828.1848527659117,834.5212554718557,621.520641433578,,,,,,,,,,,,,,,,,,,,,,,,,
2023-03-10,4,wb_NPG-2024.06.21.pdf,912.8353106683766,821.8423413705235,829.793183348006,626.6049994790131,wb_NPG-2024.07.12.pdf,912.815977792684,821.6519282214331,830.2020278767147,626.5541997236401,wb_NPG-2024.08.30.pdf,912.9047765715419,821.6565705433619,830.0102795459414,626.9508914832307,wb_NPG-2025.01.17.pdf,912.5077503142461,821.3610344672029,829.6470995442066,626.3947973612273,,,,,,,,,,,,,,,,,,,,,,,,,
2023-03-17,4,wb_NPG-2024.06.21.pdf,844.8114404165839,796.2229616653025,795.3395347789154,578.8999476141188,wb_NPG-2024.07.12.pdf,845.0814220820105,796.0571493832194,795.5574682345339,579.1400107261684,wb_NPG-2024.08.30.pdf,845.432511550705,795.9528505354241,795.9528505354241,579.3990094685452,wb_NPG-2025.01.17.pdf,844.7569829199199,795.5280080506611,795.0405924578961,579.1154848630285,,,,,,,,,,,,,,,,,,,,,,,,,
2023-03-24,4,wb_NPG-2024.06.21.pdf,894.2833460542514,785.6218390286593,782.0881314831116,553.2805679088978,wb_NPG-2024.07.12.pdf,894.1612149084326,785.9524861542504,782.2326376029262,553.0455507392696,wb_NPG-2024.08.30.pdf,894.2695795657868,786.3139555324468,782.4583975312561,553.0526964604086,wb_NPG-2025.01.17.pdf,893.4985421964136,785.7796961953625,781.8803714532428,552.7950428537217,,,,,,,,,,,,,,,,,,,,,,,,,
2023-03-31,4,wb_NPG-2024.06.21.pdf,947.2889592374676,772.3704357328555,775.9041432784032,577.1330938413447,wb_NPG-2024.07.12.pdf,947.4605374348646,772.6276555226423,775.7923027976492,576.4750445998468,wb_NPG-2024.08.30.pdf,947.6047985822585,772.8195025282795,776.0324675292719,576.8286374677513,wb_NPG-2025.01.17.pdf,947.1142574005567,772.1320595979441,775.0565531545335,576.6784068992038,,,,,,,,,,,,,,,,,,,,,,,,,
2023-04-07,4,wb_NPG-2024.06.21.pdf,979.0923271473961,782.0881314831116,790.0389734605941,634.5558414564952,wb_NPG-2024.07.12.pdf,978.8849296744072,782.2326376029262,790.2275359818912,634.5490981026048,wb_NPG-2024.08.30.pdf,979.0918555919826,782.4583975312561,790.8121065338363,634.662007485612,wb_NPG-2025.01.17.pdf,978.3088553375129,781.8803714532428,790.1664365302465,634.6808624382315,,,,,,,,,,,,,,,,,,,,,,,,,
2023-04-14,4,wb_NPG-2024.06.21.pdf,991.4603035568138,782.0881314831116,788.2721196878205,655.7580867297814,wb_NPG-2024.07.12.pdf,991.1548778810125,782.2326376029262,788.0622510042549,655.3691459644924,wb_NPG-2024.08.30.pdf,991.3011225957531,782.4583975312561,788.2417345330424,655.8675764921612,wb_NPG-2025.01.17.pdf,990.9816607494013,781.8803714532428,787.7293585664218,655.1523173343587,,,,,,,,,,,,,,,,,,,,,,,,,
2023-04-21,4,wb_NPG-2024.06.21.pdf,949.0558130102412,751.1681904595692,757.3521786642781,640.7398296612035,wb_NPG-2024.07.12.pdf,948.5154198598673,751.3079265120693,757.692741189715,640.4342316315651,wb_NPG-2024.08.30.pdf,948.8899845826555,751.6139335217307,757.3972705235166,641.0879374875966,wb_NPG-2025.01.17.pdf,948.0890885860865,750.6857735162864,757.0221762222309,640.5298495514105,,,,,,,,,,,,,,,,,,,,,,,,,
2023-04-28,4,wb_NPG-2024.06.21.pdf,902.2341880317339,710.5305536857708,717.5979687768662,613.3535961832089,wb_NPG-2024.07.12.pdf,902.1561132873978,710.7782333409284,717.7182492948909,613.7845703683493,wb_NPG-2024.08.30.pdf,901.9806955681685,711.130574509228,718.199097511411,613.4564384790632,wb_NPG-2025.01.17.pdf,901.2971916806525,710.2302793167969,717.5415132082708,613.234576356574,,,,,,,,,,,,,,,,,,,,,,,,,
2023-05-05,4,wb_NPG-2024.06.21.pdf,866.0136856898702,657.5249405025555,668.1260631391982,570.0656787502497,wb_NPG-2024.07.12.pdf,865.9014699438981,657.4789108144969,668.2498155750466,570.0902299222014,wb_NPG-2024.08.30.pdf,865.9954875570551,657.7953554927564,668.7194364961302,570.4027074657669,wb_NPG-2025.01.17.pdf,865.2284378160471,657.1019797054184,667.8251227462472,569.8545886004945,,,,,,,,,,,,,,,,,,,,,,,,,
2023-05-12,4,wb_NPG-2024.06.21.pdf,862.479978144322,684.0277470941627,694.6288697308058,574.482813182184,wb_NPG-2024.07.12.pdf,862.6813025412591,684.1285720777128,694.7884365829991,574.8649608985277,wb_NPG-2024.08.30.pdf,862.7825225560626,684.1416685008929,695.0657495042668,574.9008584671561,wb_NPG-2025.01.17.pdf,862.3039442594575,683.9098373074903,694.6329803483188,574.728744528144,,,,,,,,,,,,,,,,,,,,,,,,,
2023-05-19,4,wb_NPG-2024.06.21.pdf,873.9645276673522,692.8620159580327,694.6288697308058,566.5319712047016,wb_NPG-2024.07.12.pdf,873.8963683228624,692.6786717329944,694.2887554343138,566.8700625195629,wb_NPG-2024.08.30.pdf,873.7066035594368,692.4953775034729,694.4231565040683,567.1897424647747,wb_NPG-2025.01.17.pdf,873.514502893051,692.195902384494,694.1455647555538,566.4426794511401,,,,,,,,,,,,,,,,,,,,,,,,,
2023-05-26,4,wb_NPG-2024.06.21.pdf,906.6513224636691,691.9785890716456,695.5122966171929,572.71595940941,wb_NPG-2024.07.12.pdf,906.9308442637241,692.1234704566775,695.3436378593162,572.1999947722061,wb_NPG-2024.08.30.pdf,907.1214395697563,692.4953775034729,695.0657495042668,572.3304864663622,wb_NPG-2025.01.17.pdf,906.6587632010671,691.708486791729,694.6329803483188,571.8042509715544,,,,,,,,,,,,,,,,,,,,,,,,,
2023-06-02,4,wb_NPG-2024.06.21.pdf,866.8971125762567,681.3774664350025,682.2608933213895,557.6977023408325,wb_NPG-2024.07.12.pdf,866.9563523688998,681.4636059513912,682.0188072277083,557.2650804392786,wb_NPG-2024.08.30.pdf,867.2806735574519,681.571296500099,682.2138895002976,557.5508474617978,wb_NPG-2025.01.17.pdf,866.2032690015772,681.4727593436655,681.9601749364303,557.1817831886065,,,,,,,,,,,,,,,,,,,,,,,,,
2023-06-09,4,wb_NPG-2024.06.21.pdf,885.4490771903828,705.229992367449,708.7636999129967,572.71595940941,wb_NPG-2024.07.12.pdf,885.6111152531512,705.4483010882855,709.1681496396095,572.1999947722061,wb_NPG-2024.08.30.pdf,885.9158705632072,705.3472375074417,709.2027955086327,572.3304864663622,wb_NPG-2025.01.17.pdf,885.2124771194094,704.8687077963825,708.768032538502,572.2916665643193,,,,,,,,,,,,,,,,,,,,,,,,,
2023-06-16,4,wb_NPG-2024.06.21.pdf,880.148515872061,707.8802730266101,704.3465654810624,555.0474216816718,wb_NPG-2024.07.12.pdf,880.2811830005078,708.113267214607,704.3934186632832,555.1553155892741,wb_NPG-2024.08.30.pdf,880.1325335614209,708.5602025084341,704.7046445072436,554.980475461004,wb_NPG-2025.01.17.pdf,879.8509055989953,707.7932013529721,703.8938766108524,554.7447052247817,,,,,,,,,,,,,,,,,,,,,,,,,
2023-06-23,4,wb_NPG-2024.06.21.pdf,893.3999191678644,744.9842022548609,737.0333602773788,569.1822518638627,wb_NPG-2024.07.12.pdf,893.6060136321162,744.9231118344242,736.9282134554594,569.0353474971992,wb_NPG-2024.08.30.pdf,894.2695795657868,745.1880035197461,736.8342945171663,569.7601144655683,wb_NPG-2025.01.17.pdf,893.4985421964136,744.8367864031075,736.5507213261037,568.8797574149648,,,,,,,,,,,,,,,,,,,,,,,,,
2023-06-30,4,wb_NPG-2024.06.21.pdf,838.627452211875,704.3465654810624,712.2974074585449,549.7468603633505,wb_NPG-2024.07.12.pdf,838.6966074043653,704.3934186632832,712.388317042248,550.2140242300532,wb_NPG-2024.08.30.pdf,839.0065815487202,704.7046445072436,712.4157605096251,550.4823244596149,wb_NPG-2025.01.17.pdf,838.4205802139754,704.3812922036175,711.6925260950918,549.8705492971324,,,,,,,,,,,,,,,,,,,,,,,,,
2023-07-07,4,wb_NPG-2024.06.21.pdf,858.0628437123877,718.4813956632532,727.3156645271223,568.2988249774756,wb_NPG-2024.07.12.pdf,857.9065715649328,718.7731317198936,727.323231375175,567.9249449445651,wb_NPG-2024.08.30.pdf,857.6417785544753,718.8416905116095,727.8379925143878,568.4749284651717,wb_NPG-2025.01.17.pdf,857.4297883318084,718.5163443938009,727.2898250635694,567.904926229435,,,,,,,,,,,,,,,,,,,,,,,,,
2023-07-14,4,wb_NPG-2024.06.21.pdf,881.031942758448,762.6527399825994,764.4195937553735,596.5684853418574,wb_NPG-2024.07.12.pdf,880.8363842768249,762.467472166041,764.6327571436775,596.7398911854173,wb_NPG-2024.08.30.pdf,880.7751265616195,763.1806075253027,765.108386525898,596.7490204739034,wb_NPG-2025.01.17.pdf,880.3383211917603,762.383747742645,764.3334101137048,596.6624462025663,,,,,,,,,,,,,,,,,,,,,,,,,
2023-07-21,4,wb_NPG-2024.06.21.pdf,911.0684568956029,767.9533013009212,768.8367281873083,594.8016315690833,wb_NPG-2024.07.12.pdf,910.6506928150477,768.3526056950011,768.9078069713182,594.5746062077812,wb_NPG-2024.08.30.pdf,910.9769975709465,768.3213515268905,768.963944527089,594.8212414733081,wb_NPG-2025.01.17.pdf,910.5580879431864,767.7453192630596,768.7201504485895,594.2253682387413,,,,,,,,,,,,,,,,,,,,,,,,,
2023-07-28,4,wb_NPG-2024.06.21.pdf,988.8100228976526,831.5600371207796,831.5600371207796,621.3044381606913,wb_NPG-2024.07.12.pdf,988.9895929033762,831.2569103017172,831.2569103017172,621.2242674709969,wb_NPG-2024.08.30.pdf,989.3733435951584,831.938058546537,831.2954655463385,621.8101474816432,wb_NPG-2025.01.17.pdf,988.5445827855765,831.1093463225016,831.1093463225016,621.0332258408132,,,,,,,,,,,,,,,,,,,,,,,,,
2023-08-04,4,wb_NPG-2024.06.21.pdf,1016.1962563756477,904.884468690895,904.001041804508,638.0895490020429,wb_NPG-2024.07.12.pdf,1016.194455442909,905.320760562405,904.2658781374023,637.7692655052435,wb_NPG-2024.08.30.pdf,1016.3622496034931,905.1936605691609,904.5510675689624,637.8749724866044,wb_NPG-2025.01.17.pdf,1015.8398559804132,904.7091008300072,903.7342696444773,637.6053559948211,,,,,,,,,,,,,,,,,,,,,,,,,
2023-08-11,4,wb_NPG-2024.06.21.pdf,994.1105842159744,921.6695795322465,922.5530064186331,657.5249405025555,wb_NPG-2024.07.12.pdf,994.3195251560196,921.3105573203345,922.9206410216536,658.0341120908138,wb_NPG-2024.08.30.pdf,994.5140875967455,921.2584855741221,923.1862645747177,658.4379484929549,wb_NPG-2025.01.17.pdf,993.9061543059906,920.7938153912498,922.2560621695447,657.5893952981835,,,,,,,,,,,,,,,,,,,,,,,,,
2023-08-18,4,wb_NPG-2024.06.21.pdf,1029.4476596714512,900.4673342589602,902.2341880317339,646.9238178659124,wb_NPG-2024.07.12.pdf,1029.5192860745174,899.9908283097616,902.1561132873978,646.8190463092105,wb_NPG-2024.08.30.pdf,1029.8567026076607,900.6955095677716,902.623288568367,647.5138674895812,wb_NPG-2025.01.17.pdf,1029.487492577831,899.8349449023576,901.7846072734176,646.866252257355,,,,,,,,,,,,,,,,,,,,,,,,,
2023-08-25,4,wb_NPG-2024.06.21.pdf,1046.2327705128027,917.2524451003118,920.7861526458595,636.3226952292692,wb_NPG-2024.07.12.pdf,1046.0642841087633,917.5907087690102,920.2556748953318,636.159181803924,wb_NPG-2024.08.30.pdf,1046.5641206128205,917.4029275729314,920.6158925739238,636.5897864862076,wb_NPG-2025.01.17.pdf,1046.059622731839,916.8944906491306,920.306399798485,635.6556936237614,,,,,,,,,,,,,,,,,,,,,,,,,
2023-09-01,4,wb_NPG-2024.06.21.pdf,1041.815636080868,931.3872752825022,932.2707021688892,647.807244752299,wb_NPG-2024.07.12.pdf,1041.7892342811226,931.4707406769351,931.9704218256206,648.4291300105299,wb_NPG-2024.08.30.pdf,1042.0659696114312,931.5399735772972,932.1825665774958,648.1564604897798,wb_NPG-2025.01.17.pdf,1041.18546680419,931.029542839314,931.516958432079,647.8410834428848,,,,,,,,,,,,,,,,,,,,,,,,,
2023-09-08,4,wb_NPG-2024.06.21.pdf,1010.0122681709389,944.6386785783064,948.1723861238542,682.2608933213895,wb_NPG-2024.07.12.pdf,1009.8096407652636,944.2403700322263,947.9602185835502,682.0188072277083,wb_NPG-2024.08.30.pdf,1009.9363196015084,945.0344265814646,948.247391582457,682.2138895002976,wb_NPG-2025.01.17.pdf,1009.5034532744687,944.1897638439668,947.6016729933215,681.4727593436655,,,,,,,,,,,,,,,,,,,,,,,,,
2023-09-15,4,wb_NPG-2024.06.21.pdf,1009.1288412845519,1017.0796832620348,1002.9448530798435,698.162577276354,wb_NPG-2024.07.12.pdf,1009.2544394889464,1017.2493378679114,1002.869624811301,698.5082851343229,wb_NPG-2024.08.30.pdf,1009.2937266013099,1017.6474356038901,1003.5103895995243,698.9213075054573,wb_NPG-2025.01.17.pdf,1008.5286220889388,1016.814687165943,1002.6796349757598,698.0448894976735,,,,,,,,,,,,,,,,,,,,,,,,,
2023-09-22,4,wb_NPG-2024.06.21.pdf,1018.8465370348084,984.3928884657179,994.9940111023615,714.0642612313185,wb_NPG-2024.07.12.pdf,1018.3042202929134,984.770063203367,994.8747264323367,713.9984007435673,wb_NPG-2024.08.30.pdf,1018.932621604287,984.8751925937689,995.156680596944,714.3435395102202,wb_NPG-2025.01.17.pdf,1018.2769339442375,984.1578424506919,994.3935698987556,713.6421884661511,,,,,,,,,,,,,,,,,,,,,,,,,
2023-09-29,4,wb_NPG-2024.06.21.pdf,1005.5951337390042,977.3254733746224,994.9940111023615,714.0642612313185,wb_NPG-2024.07.12.pdf,1006.08979221394,976.7751648244025,994.8747264323367,714.4980818922525,wb_NPG-2024.08.30.pdf,1006.0807616003175,977.1640765913872,995.156680596944,714.3435395102202,wb_NPG-2025.01.17.pdf,1005.6041285323491,976.3591929664531,994.3935698987556,714.1296040589161,,,,,,,,,,,,,,,,,,,,,,,,,
2023-10-06,4,wb_NPG-2024.06.21.pdf,909.3016031228289,935.8044097144369,953.472947442175,689.3283084124845,wb_NPG-2024.07.12.pdf,909.0406091137286,936.2454716532613,953.2901508361936,689.4585043303559,wb_NPG-2024.08.30.pdf,909.6918115705502,936.0381245786865,953.3881355840448,689.925005502679,wb_NPG-2025.01.17.pdf,908.6084255721264,935.416283174198,952.9632445137361,689.2714088279042,,,,,,,,,,,,,,,,,,,,,,,,,
2023-10-13,4,wb_NPG-2024.06.21.pdf,870.4308201218045,891.6330653950907,911.0684568956029,669.0094900255853,wb_NPG-2024.07.12.pdf,870.1765197715388,891.9959299307966,910.6506928150477,668.6939765961001,wb_NPG-2024.08.30.pdf,870.4936385584443,892.3418005651919,910.9769975709465,669.3620294963285,wb_NPG-2025.01.17.pdf,869.6151781509318,891.5488798253539,910.5580879431864,668.799953931777,,,,,,,,,,,,,,,,,,,,,,,,,
2023-10-20,4,wb_NPG-2024.06.21.pdf,878.3816620992869,934.9209828280499,936.687836600824,694.6288697308058,wb_NPG-2024.07.12.pdf,878.6710992991887,935.1905892282593,936.8006729295785,694.2887554343138,wb_NPG-2024.08.30.pdf,878.8473475610239,935.395531578488,937.3233105790836,694.4231565040683,wb_NPG-2025.01.17.pdf,878.3886588207006,934.9288675814332,936.878529952493,694.1455647555538,,,,,,,,,,,,,,,,,,,,,,,,,
2023-10-27,4,wb_NPG-2024.06.21.pdf,896.0501998270255,918.1358719866984,914.6021644411506,678.7271857758413,wb_NPG-2024.07.12.pdf,895.7157784821209,917.5907087690102,914.9257426426884,678.2989586763842,wb_NPG-2024.08.30.pdf,896.1973585663821,918.0455205731297,914.8325555721375,678.3583314991071,wb_NPG-2025.01.17.pdf,895.4482045674731,917.3819062418956,914.4574126853058,678.0608501943107,,,,,,,,,,,,,,,,,,,,,,,,,
2023-11-03,4,wb_NPG-2024.06.21.pdf,888.0993578495426,909.3016031228289,901.3507611453473,666.3592093664246,wb_NPG-2024.07.12.pdf,888.2760813794728,909.5958103900457,901.0457107347636,666.5286916184639,wb_NPG-2024.08.30.pdf,888.4862425640011,909.6918115705502,901.3381025679699,666.7916574955347,wb_NPG-2025.01.17.pdf,888.1369706759992,909.0958411648915,900.8097760878875,665.8754603751872,,,,,,,,,,,,,,,,,,,,,,,,,
2023-11-10,4,wb_NPG-2024.06.21.pdf,871.3142470081915,866.8971125762567,866.0136856898702,631.9055607973345,wb_NPG-2024.07.12.pdf,871.2314021965408,866.9563523688998,865.9014699438981,632.4393332526004,wb_NPG-2024.08.30.pdf,871.1362315586429,867.2806735574519,866.6380805572534,632.7342284850168,wb_NPG-2025.01.17.pdf,870.5900093364617,866.690684594342,865.7158534088121,631.7563688816417,,,,,,,,,,,,,,,,,,,,,,,,,
2023-11-17,4,wb_NPG-2024.06.21.pdf,841.2777328710357,844.8114404165839,818.3086338249758,617.7707306151432,wb_NPG-2024.07.12.pdf,840.8618923820015,844.5817409333251,817.9320796701095,618.05962019599,wb_NPG-2024.08.30.pdf,840.9343605493156,844.7899185505065,818.4436055423695,618.5971824806508,wb_NPG-2025.01.17.pdf,840.3702425850354,844.2695673271548,817.9491253178483,618.1087322842236,,,,,,,,,,,,,,,,,,,,,,,,,
2023-11-24,4,wb_NPG-2024.06.21.pdf,826.2594758024578,864.2468319170961,828.9097564616189,614.2370230695959,wb_NPG-2024.07.12.pdf,826.4266591977594,864.2913862425783,829.091625324081,614.3397716446664,wb_NPG-2024.08.30.pdf,826.7973145449497,864.710301556658,829.3676865457436,614.7416244794603,wb_NPG-2025.01.17.pdf,825.747774802087,863.7661910377524,828.6722683586768,614.2094075421039,,,,,,,,,,,,,,,,,,,,,,,,,
2023-12-01,4,wb_NPG-2024.06.21.pdf,828.0263295752319,856.2959899396136,825.3760489160717,608.9364617512741,wb_NPG-2024.07.12.pdf,827.5370617503929,856.2964878636137,825.3717767727567,608.4546381157061,wb_NPG-2024.08.30.pdf,828.0825005453468,856.3565925540785,825.5121285445529,608.9582874776739,wb_NPG-2025.01.17.pdf,827.2100215803819,855.9675415535135,825.2603592093221,608.3604204289247,,,,,,,,,,,,,,,,,,,,,,,,,
2023-12-08,4,wb_NPG-2024.06.21.pdf,790.0389734605941,811.2412187338804,787.3886928014334,574.482813182184,wb_NPG-2024.07.12.pdf,789.672334705574,810.992063716147,787.5625698555696,573.8100784735254,wb_NPG-2024.08.30.pdf,790.1695135336378,811.3750825401868,787.5991415328439,574.2582654669576,wb_NPG-2025.01.17.pdf,789.1916053447167,810.6378914263739,787.2419429736569,573.7539133426142,,,,,,,,,,,,,,,,,,,,,,,,,
2023-12-15,4,wb_NPG-2024.06.21.pdf,760.0024593234383,775.0207163920162,765.3030206417601,565.648544318315,wb_NPG-2024.07.12.pdf,760.5242676989317,774.737420372647,765.6876395686797,565.2599788182436,wb_NPG-2024.08.30.pdf,760.610235524509,775.3898745290734,765.7509795260966,565.9045564643778,wb_NPG-2025.01.17.pdf,760.4340853715855,774.5691375617685,765.3082412992349,565.4678482656102,,,,,,,,,,,,,,,,,,,,,,,,,
2023-12-22,5,wb_NPG-2024.06.21.pdf,790.9224003469811,808.5909380747197,793.5726810061418,595.6850584554703,wb_NPG-2024.07.12.pdf,790.727217130576,808.8822988661425,793.3921832568979,596.1846899091001,wb_NPG-2024.08.30.pdf,790.8121065338363,808.8047105393929,793.3824785346302,596.1064274737049,wb_NPG-2025.01.17.pdf,790.6538521230116,808.2008134625496,793.0909300868364,595.6876150170363,wb_NPG-2025.12.19.pdf,790.9937562290269,808.694994948202,793.5225046174804,596.2801303181033,,,,,,,,,,,,,,,,,,,,
2023-12-29,5,wb_NPG-2024.06.21.pdf,810.3577918474933,791.8058272333682,775.9041432784032,600.9856197737921,wb_NPG-2024.07.12.pdf,810.4368624398298,791.7820995555787,776.3475040739659,600.4597397367413,wb_NPG-2024.08.30.pdf,810.7324895399885,792.0972925342331,776.0324675292719,600.6045784750944,wb_NPG-2025.01.17.pdf,810.1504758336089,791.1412677157766,775.5439687472983,600.5617709446856,wb_NPG-2025.12.19.pdf,810.7179936589642,791.4995059067174,776.3270155759961,600.8318774173196,,,,,,,,,,,,,,,,,,,,
2024-01-05,5,wb_NPG-2024.06.21.pdf,798.8732423244636,782.0881314831116,760.0024593234383,575.3662400685711,wb_NPG-2024.07.12.pdf,798.722115509541,782.2326376029262,759.8025060397197,575.4201621748446,wb_NPG-2024.08.30.pdf,799.1658155364158,782.4583975312561,760.610235524509,575.5434514673547,wb_NPG-2025.01.17.pdf,798.4525016072505,781.8803714532428,759.9466697788207,575.2161601209091,wb_NPG-2025.12.19.pdf,798.5800013943873,781.890262030594,760.1430258898932,575.544393532784,,,,,,,,,,,,,,,,,,,,
2024-01-12,5,wb_NPG-2024.06.21.pdf,794.4561078925288,785.6218390286593,774.1372895056296,585.9673627052142,wb_NPG-2024.07.12.pdf,794.4470656819003,785.9524861542504,774.2377392239614,585.524825403814,wb_NPG-2024.08.30.pdf,794.667664535027,786.3139555324468,774.7472815288749,585.8249394705296,wb_NPG-2025.01.17.pdf,794.0657612723662,785.7796961953625,774.0817219690034,585.4518875689728,wb_NPG-2025.12.19.pdf,794.5340039728618,785.9362594521195,774.3040168652332,585.6593870865985,,,,,,,,,,,,,,,,,,,,
2024-01-19,5,wb_NPG-2024.06.21.pdf,815.6583531658147,803.2903767563984,786.5052659150464,599.218766001018,wb_NPG-2024.07.12.pdf,815.7667946924732,802.997165337182,787.0073685792524,599.4048573117391,wb_NPG-2024.08.30.pdf,815.8732335415756,803.6639665378051,786.9565485326453,599.9619854748959,wb_NPG-2025.01.17.pdf,815.0246317612584,802.839241942135,786.2671117881268,599.5869397591559,wb_NPG-2025.12.19.pdf,815.7754904358716,803.1317484936038,786.9477588075009,599.8203780619382,,,,,,,,,,,,,,,,,,,,
2024-01-26,5,wb_NPG-2024.06.21.pdf,838.627452211875,828.9097564616189,814.7749262794285,613.3535961832089,wb_NPG-2024.07.12.pdf,838.6966074043653,829.091625324081,814.2122311187852,613.2293690920321,wb_NPG-2024.08.30.pdf,839.0065815487202,829.3676865457436,814.5880475411788,613.4564384790632,wb_NPG-2025.01.17.pdf,838.4205802139754,828.6722683586768,814.0498005757286,613.234576356574,wb_NPG-2025.12.19.pdf,839.0399756096441,828.9249820558301,814.2582414027994,613.4756193595873,,,,,,,,,,,,,,,,,,,,
2024-02-02,5,wb_NPG-2024.06.21.pdf,860.7131243715484,870.4308201218045,856.2959899396136,624.8381457062391,wb_NPG-2024.07.12.pdf,861.07121883994,870.1765197715388,856.2964878636137,624.9996361499525,wb_NPG-2024.08.30.pdf,861.4973365556663,870.4936385584443,856.3565925540785,625.0231124826352,wb_NPG-2025.01.17.pdf,860.8416974811626,869.6151781509318,855.9675415535135,624.9325505829327,wb_NPG-2025.12.19.pdf,861.2929614280353,869.8907059487777,856.2354646511286,625.1078619464737,,,,,,,,,,,,,,,,,,,,
2024-02-09,5,wb_NPG-2024.06.21.pdf,843.9280135301968,867.7805394626438,854.52913616684,605.4027542057264,wb_NPG-2024.07.12.pdf,844.5817409333251,867.511553645217,854.1867230136093,605.2344707130674,wb_NPG-2024.08.30.pdf,844.7899185505065,867.9232665576504,854.4288135534831,605.7453224766817,wb_NPG-2025.01.17.pdf,843.78215173439,867.178100187107,854.0178791824535,604.9485112795703,wb_NPG-2025.12.19.pdf,844.6032220642422,867.8677072380148,854.2124659403656,605.3836245165359,,,,,,,,,,,,,,,,,,,,
2024-02-16,5,wb_NPG-2024.06.21.pdf,891.6330653950907,903.1176149181209,876.6148083265128,631.0221339109474,wb_NPG-2024.07.12.pdf,891.4962487821117,903.2109957124003,876.5613344491842,631.3844508275981,wb_NPG-2024.08.30.pdf,891.6992075649936,903.2658815685655,876.9195685604292,631.44904248462,wb_NPG-2025.01.17.pdf,891.0614642325888,902.7594384589474,875.9515808568758,631.2689532888767,wb_NPG-2025.12.19.pdf,891.6379420894781,903.2701846763645,876.4654517587568,631.1768580787622,,,,,,,,,,,,,,,,,,,,
2024-02-23,5,wb_NPG-2024.06.21.pdf,887.2159309631555,881.031942758448,840.3943059846491,638.9729758884295,wb_NPG-2024.07.12.pdf,886.6659976781536,881.3360654255105,840.3066911056844,638.8241479302458,wb_NPG-2024.08.30.pdf,887.2010565636041,881.4177195618178,840.291767549117,639.1601584870015,wb_NPG-2025.01.17.pdf,886.6747238977043,880.8257367845254,839.8828269922703,638.580187180351,wb_NPG-2025.12.19.pdf,887.0861949902616,881.0171988579733,840.5572246427163,638.7631032441228,,,,,,,,,,,,,,,,,,,,
2024-03-01,5,wb_NPG-2024.06.21.pdf,895.1667729406385,861.596551257935,822.7257682569106,631.0221339109474,wb_NPG-2024.07.12.pdf,895.2160973334353,861.6264201162571,822.7068106464358,630.829249551281,wb_NPG-2024.08.30.pdf,894.9121725659853,862.1399295558641,822.9417565437587,631.44904248462,wb_NPG-2025.01.17.pdf,894.4733733819437,861.3291130739276,822.3358656527323,630.7815376961119,wb_NPG-2025.12.19.pdf,895.1781898333132,861.798711105726,822.8559859235419,631.1768580787622,,,,,,,,,,,,,,,,,,,,
2024-03-08,5,wb_NPG-2024.06.21.pdf,913.7187375547636,846.5782941893575,839.5108790982621,643.3901103203642,wb_NPG-2024.07.12.pdf,913.8708602176864,846.6915057833296,839.2518086806817,643.0991977578865,wb_NPG-2024.08.30.pdf,914.189962571939,846.7176975511012,839.6491745489187,643.015716488192,wb_NPG-2025.01.17.pdf,913.482581499776,846.2192296982148,838.9079958067405,642.9669275152353,wb_NPG-2025.12.19.pdf,913.8909279078692,846.6262207750052,839.0399756096441,643.3148503433393,,,,,,,,,,,,,,,,,,,,
2024-03-15,5,wb_NPG-2024.06.21.pdf,904.001041804508,840.3943059846491,833.3268908935537,631.9055607973345,wb_NPG-2024.07.12.pdf,904.2658781374023,839.7514898293671,832.8669940030363,632.4393332526004,wb_NPG-2024.08.30.pdf,904.5510675689624,840.291767549117,833.2232445469339,632.7342284850168,wb_NPG-2025.01.17.pdf,903.7342696444773,839.8828269922703,832.5715931007965,632.2437844744068,wb_NPG-2025.12.19.pdf,904.2816840317458,840.0514749650257,832.9709794773559,632.1883574341438,,,,,,,,,,,,,,,,,,,,
2024-03-22,6,wb_NPG-2024.06.21.pdf,947.2889592374676,864.2468319170961,849.2285748485182,645.1569640931383,wb_NPG-2024.07.12.pdf,946.9053361585475,863.7361849662618,849.3564719096514,644.7092814592058,wb_NPG-2024.08.30.pdf,947.6047985822585,864.0677085564595,849.9306625520936,644.9434954887873,wb_NPG-2025.01.17.pdf,946.6268418077916,863.7661910377524,849.143723254804,644.4291742935302,wb_NPG-2025.12.19.pdf,947.2704066354564,863.821709816489,849.6607188411491,644.8320993764115,wb_NPG-2026.03.20.pdf,946.9360307375873,864.2426085721238,849.0695035876352,644.9912415462627,,,,,,,,,,,,,,,
2024-03-29,7,wb_NPG-2024.06.21.pdf,981.7426078065572,841.2777328710357,828.9097564616189,642.5066834339772,wb_NPG-2024.07.12.pdf,981.5498958007281,841.3615735306862,829.091625324081,642.0443153328843,wb_NPG-2024.08.30.pdf,981.6622275927765,841.5769535495141,829.3676865457436,642.3731234879934,wb_NPG-2025.01.17.pdf,981.2333488941022,841.3450737705653,828.6722683586768,641.9920963297054,wb_NPG-2025.12.19.pdf,981.6613847184248,841.5687239980979,828.9249820558301,642.303350987958,wb_NPG-2026.03.20.pdf,981.0755169526867,841.4829510953914,828.5858118585757,641.9566205493647,wb_NPG-2026.03.27.pdf,981.7595831640268,841.8603832001476,829.2188892275079,642.1247784324408,,,,,,,,,,
2024-04-05,8,wb_NPG-2024.06.21.pdf,987.926596011266,873.0811007809651,867.7805394626438,671.6597706847459,wb_NPG-2024.07.12.pdf,987.9347104783742,872.8414858978604,867.511553645217,671.358942722422,wb_NPG-2024.08.30.pdf,988.7307505949599,873.0640105592382,867.9232665576504,671.2898084969241,wb_NPG-2025.01.17.pdf,987.5697516000466,872.5396717075209,867.178100187107,671.2370318956018,wb_NPG-2025.12.19.pdf,988.2361305284036,872.9252040149221,867.3619575603242,671.6368322940192,wb_NPG-2026.03.20.pdf,987.903414195707,872.5878163135928,867.2772295690218,671.5441752691177,wb_NPG-2026.03.27.pdf,988.5017132827683,873.042734999326,867.1433711454273,671.6215977019332,wb_NPG-2026.04.03.pdf,987.874099951654,872.8809615619998,867.3167774463718,671.6429693801056,,,,,
2024-04-12,8,wb_NPG-2024.06.21.pdf,989.6934497840397,858.0628437123877,853.6457092804529,689.3283084124845,wb_NPG-2024.07.12.pdf,989.5447941796933,857.9065715649328,853.6315217372921,689.4585043303559,wb_NPG-2024.08.30.pdf,990.0159365953567,858.2843715546738,853.7862205532846,689.925005502679,wb_NPG-2025.01.17.pdf,989.5194139711065,857.9172039245732,853.0430479969236,689.2714088279042,wb_NPG-2025.12.19.pdf,989.753379561476,858.2584633618914,853.7067162626748,689.8438206908846,wb_NPG-2026.03.20.pdf,989.4207246941558,858.173366578329,853.6214350829819,689.751901250504,wb_NPG-2026.03.27.pdf,990.1872458124534,857.8729422321579,853.6591109079449,690.1624555284715,wb_NPG-2026.04.03.pdf,989.7288279901968,858.0431372536573,853.4063171573007,689.2628857462628,,,,,
2024-04-19,8,wb_NPG-2024.06.21.pdf,991.4603035568138,820.0754875977499,815.6583531658147,679.6106126622284,wb_NPG-2024.07.12.pdf,991.1548778810125,819.5421633714286,815.7667946924732,679.8535222500718,wb_NPG-2024.08.30.pdf,991.3011225957531,819.7287915427665,815.8732335415756,679.6435174995039,wb_NPG-2025.01.17.pdf,990.4942451566363,819.4113720961432,815.5120473540235,679.5230969726056,wb_NPG-2025.12.19.pdf,991.2706285945482,819.8214878573975,815.7754904358716,679.7288271370707,wb_NPG-2026.03.20.pdf,990.9380351926047,819.4819488678827,815.6886726217604,679.8893830105867,wb_NPG-2026.03.27.pdf,991.0300120772962,819.948460314239,815.7346289900255,680.0492603503598,wb_NPG-2026.04.03.pdf,990.6561920094673,820.0212124635304,815.384392367173,679.9892455535487,,,,,
2024-04-26,9,wb_NPG-2024.06.21.pdf,964.9574969652057,795.3395347789154,791.8058272333682,661.0586480481028,wb_NPG-2024.07.12.pdf,964.5052166177968,795.5574682345339,792.3373008318958,661.1987593658209,wb_NPG-2024.08.30.pdf,964.9548095876168,795.9528505354241,792.0972925342331,661.0083204937488,wb_NPG-2025.01.17.pdf,964.1738031473296,795.0405924578961,791.6286833085414,660.5138888547733,wb_NPG-2025.12.19.pdf,964.4658956769402,795.5455033282434,792.0052555844082,661.0160890625142,wb_NPG-2026.03.20.pdf,964.3851014697493,795.2049808927004,792.1703598958029,660.923001779976,wb_NPG-2026.03.27.pdf,964.9042578671741,795.5082386338021,792.1371735744318,661.5084025238215,wb_NPG-2026.04.03.pdf,964.6899994698688,794.9823839432024,792.2002918853882,660.5146011488491,wb_NPG-2026.04.17.pdf,964.8442365625799,795.15805028916,792.1926606261293,661.3036557773601
2024-05-03,9,wb_NPG-2024.06.21.pdf,964.0740700788186,782.0881314831116,775.0207163920162,652.2243791842337,wb_NPG-2024.07.12.pdf,963.9500153414797,781.6774363266093,775.2926216489636,652.7041798381706,wb_NPG-2024.08.30.pdf,964.3122165874182,781.8158045310576,775.3898745290734,652.6546114911688,wb_NPG-2025.01.17.pdf,963.1989719617998,781.3929558604777,775.0565531545335,652.2278237777689,wb_NPG-2025.12.19.pdf,963.9601459992497,781.890262030594,775.3155162206145,652.4183445417722,wb_NPG-2026.03.20.pdf,963.6264462205249,781.5491864066612,775.4799444128653,652.5777940385069,wb_NPG-2026.03.27.pdf,964.0614916023313,782.0239783963201,775.2818482775787,652.2379736105526,wb_NPG-2026.04.03.pdf,963.7626354505974,781.9992876734027,775.5077395385028,652.1683249754064,wb_NPG-2026.04.17.pdf,964.102889146822,781.9785406756907,775.3887858689557,652.4898587233527
2024-05-10,9,wb_NPG-2024.06.21.pdf,898.7004804861862,767.0698744145342,762.6527399825994,622.1878650470779,wb_NPG-2024.07.12.pdf,898.3807446084425,767.2977232699989,762.467472166041,622.3346700236311,wb_NPG-2024.08.30.pdf,898.767730567176,767.0361655264934,762.5380145251041,622.4527404818417,wb_NPG-2025.01.17.pdf,898.3726981240627,766.7704880775295,761.89633214988,622.4954726191081,wb_NPG-2025.12.19.pdf,898.7184375771479,767.2235213775635,762.1660246006562,622.5791135580204,wb_NPG-2026.03.20.pdf,898.3820947872239,767.1347366713967,762.58280517605,622.2315840695296,wb_NPG-2026.03.27.pdf,898.3257229446048,766.8541856291521,762.6403543049395,622.7411543410598,wb_NPG-2026.04.03.pdf,898.8471541015992,767.1614633650602,762.5246432687036,622.4926763587218,wb_NPG-2026.04.17.pdf,898.2877130145587,767.3163362307057,762.209276255486,622.5064743527098
2024-05-17,9,wb_NPG-2024.06.21.pdf,895.1667729406385,765.3030206417601,756.468751777891,614.2370230695959,wb_NPG-2024.07.12.pdf,895.2160973334353,765.1324382923626,756.6378587647127,613.7845703683493,wb_NPG-2024.08.30.pdf,895.5547655661836,765.7509795260966,756.7546775233183,614.0990314792617,wb_NPG-2025.01.17.pdf,894.9607889747085,765.3082412992349,756.047345036701,613.7219919493391,wb_NPG-2025.12.19.pdf,895.1781898333132,765.2005226668006,756.6027781460585,613.9813690372781,wb_NPG-2026.03.20.pdf,895.3474737903261,765.6174261729475,756.5135631822545,613.886376328061,wb_NPG-2026.03.27.pdf,895.7974241500768,765.168653099467,756.7409904510404,614.3134916926336,wb_NPG-2026.04.03.pdf,895.1376980245136,765.3067353265174,756.0330951338033,614.1464001852792,wb_NPG-2026.04.17.pdf,895.3223233515284,765.1746659185167,756.3608688645093,613.7750492337861
2024-05-24,9,wb_NPG-2024.06.21.pdf,900.4673342589602,769.7201550736949,758.2356055506651,607.1696079785,wb_NPG-2024.07.12.pdf,899.9908283097616,769.9626893963207,758.2479424660319,606.8445544143867,wb_NPG-2024.08.30.pdf,900.6955095677716,770.2491305274856,758.6824565239136,607.0305084770788,wb_NPG-2025.01.17.pdf,899.8349449023576,769.2075660413543,757.9970074077607,606.410758057865,wb_NPG-2025.12.19.pdf,900.2356866102201,769.7522697660171,758.6257768568215,606.9008735496083,wb_NPG-2026.03.20.pdf,899.8994052856729,769.4107024190698,758.0308736807033,607.0584790850412,wb_NPG-2026.03.27.pdf,900.0112554742904,770.2252506885228,758.426522980726,606.7285953090494,wb_NPG-2026.04.03.pdf,899.7745181208707,769.9435554228744,758.8151871916175,606.7274880311079,wb_NPG-2026.04.17.pdf,900.5117552618319,769.5403784779785,758.584911111782,607.1852944270511
2024-05-31,9,wb_NPG-2024.06.21.pdf,878.3816620992869,767.0698744145342,755.585324891504,606.2861810921135,wb_NPG-2024.07.12.pdf,878.1714181505033,767.2977232699989,755.5829763397105,605.7896719893845,wb_NPG-2024.08.30.pdf,878.8473475610239,767.6787585266919,756.1120845231197,606.3879154768803,wb_NPG-2025.01.17.pdf,877.9012432279355,767.2579036702946,755.559929443936,605.9233424651002,wb_NPG-2025.12.19.pdf,878.4884504695198,767.2235213775635,755.5912787906772,605.8893741942267,wb_NPG-2026.03.20.pdf,878.6570583073885,767.1347366713967,755.7549079330302,605.541168586592,wb_NPG-2026.03.27.pdf,878.0993325883813,767.6969518939949,755.898224186198,605.8858290442066,wb_NPG-2026.04.03.pdf,878.4451456776283,767.1614633650602,756.0330951338033,605.8001240118365,wb_NPG-2026.04.17.pdf,878.5184485943544,767.3163362307057,755.6195214487514,605.7025995955357
2024-06-07,9,wb_NPG-2024.06.21.pdf,845.6948673029709,730.84937207267,725.5488107543487,576.2496669549581,wb_NPG-2024.07.12.pdf,845.6366233583276,731.0430799264991,725.157946397539,576.4750445998468,wb_NPG-2024.08.30.pdf,845.432511550705,731.05095751538,725.2676205135939,576.8286374677513,wb_NPG-2025.01.17.pdf,845.2443985126849,730.7017342129243,724.8527470997451,576.1909913064387,wb_NPG-2025.12.19.pdf,845.6147214196236,730.8095445838325,725.2462981292343,576.5558928881657,wb_NPG-2026.03.20.pdf,845.2762273415128,730.719284708624,725.4086979640529,575.9536138668391,wb_NPG-2026.03.27.pdf,845.2314482595183,731.4580025057611,725.5586386518625,576.3890097747143,wb_NPG-2026.04.03.pdf,845.060040983858,730.9942666134757,725.4300824978473,576.1244753951519,wb_NPG-2026.04.17.pdf,845.652046495765,730.7431970533278,725.6361370781085,576.4605626406503
2024-06-14,9,wb_NPG-2024.06.21.pdf,846.5782941893575,760.8858862098253,760.0024593234383,600.1021928874051,wb_NPG-2024.07.12.pdf,846.6915057833296,760.9129085923535,760.3577073160363,599.9045384604242,wb_NPG-2024.08.30.pdf,846.7176975511012,761.2528285247075,760.610235524509,599.9619854748959,wb_NPG-2025.01.17.pdf,846.2192296982148,760.4340853715855,759.9466697788207,599.5869397591559,wb_NPG-2025.12.19.pdf,846.6262207750052,761.1545252452746,760.1430258898932,599.8203780619382,wb_NPG-2026.03.20.pdf,846.793537839962,761.0654946776012,760.3068394283769,599.471926592797,wb_NPG-2026.03.27.pdf,846.9169807892039,760.9548217752539,760.1120555104111,599.9864651903084,wb_NPG-2026.04.03.pdf,846.9147690224004,760.6699152301603,759.7425512108889,599.3085758769371,wb_NPG-2026.04.17.pdf,847.0523693921962,760.7265814239706,760.0676059432974,599.854192204559
2024-06-21,9,wb_NPG-2024.06.21.pdf,861.596551257935,793.5726810061418,797.1063885516895,630.1387070245604,wb_NPG-2024.07.12.pdf,861.07121883994,793.947384533215,796.6123506595366,630.3295684025959,wb_NPG-2024.08.30.pdf,861.4973365556663,794.0250715348285,797.2380365358209,630.8064494844215,wb_NPG-2025.01.17.pdf,860.8416974811626,793.5783456796014,796.502839236191,630.294122103347,wb_NPG-2025.12.19.pdf,861.2929614280353,793.5225046174804,796.5570026836248,630.6711084010716,wb_NPG-2026.03.20.pdf,861.2079875752268,793.6876703942517,796.7222913911496,630.5767918109987,wb_NPG-2026.03.27.pdf,861.2440072915286,793.822706104117,797.1937711634877,630.3260507246436,wb_NPG-2026.04.03.pdf,860.8252293114715,794.055019923931,796.8371119817452,629.9115885128931,wb_NPG-2026.04.17.pdf,860.9732264214233,793.6753554576446,796.6407451206753,630.5789239909593
2024-06-28,9,wb_NPG-2024.06.21.pdf,877.4982352128999,796.2229616653025,802.4069498700113,650.4575254114596,wb_NPG-2024.07.12.pdf,877.6162168741866,796.6123506595366,802.997165337182,648.9843312868468,wb_NPG-2024.08.30.pdf,877.5621615606275,796.5954435356226,803.0213735376066,649.4416464901764,wb_NPG-2025.01.17.pdf,876.9264120424057,796.0154236434262,802.35182634937,648.8159146284147,wb_NPG-2025.12.19.pdf,877.4769511141382,796.5570026836248,802.625998815913,649.3838464756278,wb_NPG-2026.03.20.pdf,877.1397478089398,796.7222913911496,802.7915333849451,648.784517792385,wb_NPG-2026.03.27.pdf,877.2565663235386,796.3510048986449,803.0931350173863,648.8669085511818,wb_NPG-2026.04.03.pdf,877.5177816583569,796.8371119817452,802.4012960973732,649.3862329175922,wb_NPG-2026.04.17.pdf,877.035753762839,796.6407451206753,802.489152511652,648.8654935796487
2024-07-05,8,wb_NPG-2024.07.12.pdf,884.001031551832,808.8822988661425,817.3768783937924,658.0341120908138,wb_NPG-2024.08.30.pdf,884.6306845628102,809.4473035395914,817.801012542171,658.4379484929549,wb_NPG-2025.01.17.pdf,883.7502303411145,808.6882290553144,816.9742941323184,657.5893952981835,wb_NPG-2025.12.19.pdf,884.0516969241177,808.694994948202,817.2927394689438,657.9815909963698,wb_NPG-2026.03.20.pdf,883.9676450519592,808.8607753787405,817.2059831202091,657.8883807830784,wb_NPG-2026.03.27.pdf,883.99869644228,808.9924988712845,817.4201615197111,658.1373374644508,wb_NPG-2026.04.03.pdf,884.0093297932567,808.8928442322735,817.2391204057158,657.7325090910354,wb_NPG-2026.04.17.pdf,884.3668559853315,809.0789073183871,817.8103324373108,658.3382661143294,,,,,
2024-07-12,8,wb_NPG-2024.07.12.pdf,887.2211989544703,793.3921832568979,793.947384533215,653.2038609868562,wb_NPG-2024.08.30.pdf,887.2010565636041,794.0250715348285,794.0250715348285,653.2972044913673,wb_NPG-2025.01.17.pdf,886.6747238977043,793.0909300868364,793.5783456796014,652.7152393705339,wb_NPG-2025.12.19.pdf,887.0861949902616,793.5225046174804,794.0282542951712,652.924094219463,wb_NPG-2026.03.20.pdf,887.0022660488569,793.6876703942517,793.6876703942517,652.5777940385069,wb_NPG-2026.03.27.pdf,887.3697615016507,793.822706104117,793.822706104117,653.0807398753954,wb_NPG-2026.04.03.pdf,886.7914218510709,793.1276559046596,794.055019923931,653.0956889946779,wb_NPG-2026.04.17.pdf,887.3322456483622,793.6753554576446,793.6753554576446,653.2312061391101,,,,,
2024-07-19,8,wb_NPG-2024.07.12.pdf,880.2811830005078,777.4023864989683,771.57277309764,648.4291300105299,wb_NPG-2024.08.30.pdf,880.1325335614209,777.9602465298673,772.176909528081,648.7990534899783,wb_NPG-2025.01.17.pdf,879.8509055989953,777.0062155255932,771.1572284124143,648.3284990356499,wb_NPG-2025.12.19.pdf,880.0056995025919,777.3385149313775,771.7752684767801,648.3723471202464,wb_NPG-2026.03.20.pdf,880.1743688058375,777.7559101605389,771.6866681667434,648.784517792385,wb_NPG-2026.03.27.pdf,880.6276313829093,777.8101470721066,771.9107832182084,648.8669085511818,wb_NPG-2026.04.03.pdf,880.2998737161711,777.3624675770457,771.7982834614172,648.4588688983208,wb_NPG-2026.04.17.pdf,880.0011434258697,777.6128281162285,771.7644207252517,648.8654935796487,,,,,
2024-07-26,8,wb_NPG-2024.07.12.pdf,858.4062527136184,758.2479424660319,749.6978428107502,624.4444348736356,wb_NPG-2024.08.30.pdf,858.9269645548724,758.6824565239136,750.3287475213336,625.0231124826352,wb_NPG-2025.01.17.pdf,857.9172039245732,757.9970074077607,749.7109423307566,624.4451349901678,wb_NPG-2025.12.19.pdf,858.2584633618914,758.6257768568215,750.028032336079,624.6021122687829,wb_NPG-2026.03.20.pdf,858.173366578329,758.0308736807033,749.6856659392347,624.5075498172032,wb_NPG-2026.03.27.pdf,858.7157084970007,758.426522980726,749.9988603322994,624.4266868707454,wb_NPG-2026.04.03.pdf,858.0431372536573,757.8878231723461,749.5415469989039,624.3474043972647,wb_NPG-2026.04.17.pdf,858.7491841741505,758.584911111782,749.7711140577742,624.7305165999826,,,,,
2024-08-02,8,wb_NPG-2024.07.12.pdf,852.5766393122901,747.0328766844286,733.1528447765036,606.3448732657016,wb_NPG-2024.08.30.pdf,853.143627553086,747.1157825203412,733.6213295161739,606.3879154768803,wb_NPG-2025.01.17.pdf,852.5556324041588,746.7864487741674,733.1388121767491,606.410758057865,wb_NPG-2025.12.19.pdf,852.6952169072935,746.9935342699351,733.338292972286,606.3951238719175,wb_NPG-2026.03.20.pdf,852.8627798337575,746.6510449423367,732.9952504562971,606.2998238358164,wb_NPG-2026.03.27.pdf,852.8163446431021,747.4705615377715,733.1435350354462,606.7285953090494,wb_NPG-2026.04.03.pdf,852.4789531380293,746.7594549410896,732.8489946520185,606.7274880311079,wb_NPG-2026.04.17.pdf,852.9007767831729,746.8880963298277,733.7085867163585,606.4439470112936,,,,,
2024-08-09,8,wb_NPG-2024.07.12.pdf,815.7667946924732,725.157946397539,711.8331157659311,587.1349091051331,wb_NPG-2024.08.30.pdf,815.8732335415756,725.2676205135939,712.4157605096251,587.7527184711251,wb_NPG-2025.01.17.pdf,815.5120473540235,724.8527470997451,711.6925260950918,586.9141343472675,wb_NPG-2025.12.19.pdf,815.7754904358716,725.2462981292343,712.0968065092758,587.1766361196704,wb_NPG-2026.03.20.pdf,815.6886726217604,724.6500427148285,711.7529034780127,587.3334426052056,wb_NPG-2026.03.27.pdf,815.7346289900255,725.5586386518625,712.07437841438,587.3449712176688,wb_NPG-2026.04.03.pdf,816.3117563864444,725.4300824978473,711.5196222087761,587.2528436264088,wb_NPG-2026.04.17.pdf,815.5862901900375,724.8947896623506,711.7976519839651,587.4160300068472,,,,,
2024-08-16,7,wb_NPG-2024.08.30.pdf,833.2232445469339,738.1194805175629,728.4805855145863,617.9545894804522,wb_NPG-2025.01.17.pdf,832.5715931007965,738.0129681043982,727.7772406563345,617.6213166914588,wb_NPG-2025.12.19.pdf,832.9709794773559,738.3957897491929,728.2807961953787,618.0273664588036,wb_NPG-2026.03.20.pdf,833.1377433539224,738.3058372008682,728.4433189609504,617.6796525741834,wb_NPG-2026.03.27.pdf,833.4327205517214,738.2001326245025,728.0869374463908,617.6845567520039,wb_NPG-2026.04.03.pdf,833.0043087333297,738.413178767647,728.2121745556615,617.8558562623648,wb_NPG-2026.04.17.pdf,833.2138842980532,738.0742992758198,728.6015267411392,618.1407617932475,,,,,,,,,,
2024-08-23,7,wb_NPG-2024.08.30.pdf,792.7398855344317,705.9898305076402,691.2101915030759,598.6767994744988,wb_NPG-2025.01.17.pdf,792.6035144940713,705.8435389819124,690.7336556061991,598.6121085736261,wb_NPG-2025.12.19.pdf,793.0167549397896,706.0278103769875,690.8553200462662,598.8088787065568,wb_NPG-2026.03.20.pdf,792.9290151450273,705.6836614842177,691.2692117489532,598.7132713435722,wb_NPG-2026.03.27.pdf,792.9799398392746,706.1750145604818,691.0052217933143,599.1436989254656,wb_NPG-2026.04.03.pdf,793.1276559046596,705.9554380931481,691.1176137848056,598.3812118576657,wb_NPG-2026.04.17.pdf,792.9340080418872,705.8668726579042,691.2870401480034,598.3714973730437,,,,,,,,,,
2024-08-30,7,wb_NPG-2024.08.30.pdf,783.7435835316529,706.6324235078388,687.3546335018854,606.3879154768803,wb_NPG-2025.01.17.pdf,783.3426182315377,706.3309545746772,686.8343308640799,606.410758057865,wb_NPG-2025.12.19.pdf,783.4075110636662,706.5335600546783,687.3150723024311,606.3951238719175,wb_NPG-2026.03.20.pdf,783.06649690511,706.4423167334421,686.7172802536065,606.2998238358164,wb_NPG-2026.03.27.pdf,783.7095109260052,707.0177808253246,687.6341567339435,606.7285953090494,wb_NPG-2026.04.03.pdf,783.8540157119455,706.8828021124191,687.40815770772,606.7274880311079,wb_NPG-2026.04.17.pdf,783.4612355072056,706.6082200736616,686.9213275885415,606.4439470112936,,,,,,,,,,
2024-09-06,8,NPG-2026.09.04.pdf,739.5212750374465,686.6615259389762,663.4774254571914,575.3778436264085,wb_NPG-2024.08.30.pdf,740.0472595181583,686.7120405016868,663.5786924945427,575.5434514673547,wb_NPG-2025.01.17.pdf,739.4752148826931,686.3469152713151,663.4383824113629,575.2161601209091,wb_NPG-2025.12.19.pdf,739.9130387822651,686.3035729470497,663.5448374509677,575.544393532784,wb_NPG-2026.03.20.pdf,739.8231476993169,686.7172802536065,663.9576227768734,575.1949586176147,wb_NPG-2026.03.27.pdf,739.8856651541877,686.7913904691012,664.0367013183494,575.5462435098715,wb_NPG-2026.04.03.pdf,739.3405427869184,686.4807936884481,663.2966932066633,575.1971113758805,wb_NPG-2026.04.17.pdf,739.5569941073356,686.9213275885415,663.4453260895491,575.7192152248929,,,,,
2024-09-13,8,NPG-2026.09.04.pdf,689.4436179967909,655.1311492837488,631.0196847826926,539.2106468748241,NPG-2026.09.11.pdf,689.1533667165953,654.8408980035532,630.729433502497,538.9203955946285,wb_NPG-2025.01.17.pdf,688.7839932351394,655.1523173343587,631.2689532888767,539.1474062563036,wb_NPG-2025.12.19.pdf,689.338071013194,655.4528426079165,631.1768580787622,539.6361664167438,wb_NPG-2026.03.20.pdf,688.9932460012797,655.6124150354049,631.335447060223,539.5381619040663,wb_NPG-2026.03.27.pdf,689.3196892636287,655.6090386699233,631.1688169894863,539.3072941216382,wb_NPG-2026.04.03.pdf,689.2628857462628,654.9504170332207,630.8389525321645,539.029914624296,wb_NPG-2026.04.17.pdf,689.0629979007306,655.4552483863833,631.3202714067172,539.8874234632724,,,,,
2024-09-20,9,NPG-2026.09.04.pdf,719.1192666134755,665.3321534957342,639.3659609561348,558.6852912795232,NPG-2026.09.11.pdf,718.8290153332799,665.0419022155387,639.0757096759393,558.3950399993277,NPG-2026.09.18.pdf,718.924194621322,665.2360492533463,638.9398147873986,558.9554349534757,wb_NPG-2025.01.17.pdf,718.5163443938009,665.3880447824224,638.580187180351,558.6440299669009,wb_NPG-2025.12.19.pdf,718.6715523192553,665.5678361617307,638.7631032441228,558.8546541689908,wb_NPG-2026.03.20.pdf,718.5808007210326,665.4749332753227,638.9219995524672,558.5045431346771,wb_NPG-2026.03.27.pdf,718.8165085331215,665.722233848035,638.7537133730701,559.5336844778616,wb_NPG-2026.04.03.pdf,718.9385343629474,665.1514212452062,639.1852287056067,558.5045590289951,wb_NPG-2026.04.17.pdf,719.0463822713734,665.6693683368223,638.6513736292097,558.9153404677193
2024-09-27,9,NPG-2026.09.04.pdf,719.1192666134755,675.5331577077197,664.4047894764628,562.3947473566088,NPG-2026.09.11.pdf,718.8290153332799,675.2429064275242,664.1145381962673,562.1044960764133,NPG-2026.09.18.pdf,718.924194621322,675.0971371780762,664.1403728172651,562.242464261719,wb_NPG-2025.01.17.pdf,719.0037599865657,675.1363566377215,663.4383824113629,561.5685235234907,wb_NPG-2025.12.19.pdf,719.1773019969461,675.6828297155447,664.0505871286585,561.8891522351349,wb_NPG-2026.03.20.pdf,719.3394559702574,675.33745151524,663.9576227768734,561.539164131575,wb_NPG-2026.03.27.pdf,719.6592747979643,675.8354290261467,664.0367013183494,562.0619832723895,wb_NPG-2026.04.03.pdf,718.9385343629474,675.3524254571917,664.2240572259348,562.2140151060808,wb_NPG-2026.04.17.pdf,719.0463822713734,675.8834882872609,664.186673505307,561.7983581956657
2024-10-04,9,NPG-2026.09.04.pdf,727.4655427869181,684.8067979004334,681.0973418233482,557.7579272602518,NPG-2026.09.11.pdf,727.1752915067226,684.5165466202378,680.8070905431526,557.4676759800562,NPG-2026.09.18.pdf,726.5939296738894,683.8625486667253,681.6711957945628,557.8597585173944,wb_NPG-2025.01.17.pdf,726.8024094708046,683.9098373074903,680.9853437509005,557.1817831886065,wb_NPG-2025.12.19.pdf,726.7635471623065,684.2805742362867,681.2460761701428,557.3374051359186,wb_NPG-2026.03.20.pdf,726.9260084625016,684.4413145059334,681.4066935090354,557.7458878854527,wb_NPG-2026.03.27.pdf,727.244171181548,684.2630916745728,681.7347928800449,557.848151948176,wb_NPG-2026.04.03.pdf,727.2848105363901,684.6260656499053,680.9166095728201,557.5771950097237,wb_NPG-2026.04.17.pdf,727.1188319096239,683.9559379255109,681.7318956782381,557.4326456362039
2024-10-11,9,NPG-2026.09.04.pdf,754.3590993457885,717.2645385749331,715.4098105363898,593.9251240118363,NPG-2026.09.11.pdf,754.068848065593,716.9742872947376,715.1195592561943,593.6348727316407,NPG-2026.09.18.pdf,753.9858405759179,716.7328417491595,715.6371653130783,594.017080908072,wb_NPG-2025.01.17.pdf,753.6102670728762,716.5666820227409,715.104435244446,593.2505370532117,wb_NPG-2025.12.19.pdf,754.074029757605,717.1543032861831,715.1313045754201,593.7513819296497,wb_NPG-2026.03.20.pdf,754.2375974345814,717.0634902225838,714.7875244749107,593.4026845990015,wb_NPG-2026.03.27.pdf,754.2126916565124,717.1309760034363,715.4454434737507,594.0871013364102,wb_NPG-2026.04.03.pdf,754.1783670952605,717.083806324405,715.2290782858618,593.7443917613082,wb_NPG-2026.04.17.pdf,754.2191985523207,716.9047119591849,715.4220171276695,594.0057848135814
2024-10-18,9,NPG-2026.09.04.pdf,766.4148315963168,680.1699778040768,673.6784296691769,570.7410235300515,NPG-2026.09.11.pdf,766.1245803161213,679.8797265238812,673.3881783889814,570.450772249856,NPG-2026.09.18.pdf,766.0382813728107,679.4798429224012,674.001460741995,571.007875750368,wb_NPG-2025.01.17.pdf,766.2830724847647,679.5230969726056,673.1866942666616,570.3420041932595,wb_NPG-2025.12.19.pdf,766.7177716998727,679.7288271370707,673.6598310047822,570.486896755877,wb_NPG-2026.03.20.pdf,766.3760814221723,679.8893830105867,673.8201410167912,570.6430271222684,wb_NPG-2026.03.27.pdf,766.8541856291521,680.0492603503598,674.1498964964611,570.4896459208161,wb_NPG-2026.04.03.pdf,766.2340993457888,679.9892455535487,673.4976974186488,570.5602912795234,wb_NPG-2026.04.17.pdf,766.6573607500325,679.5902253660495,673.7418179750719,570.6121552496736
2024-10-25,9,NPG-2026.09.04.pdf,753.4317353265171,669.9689735920913,663.4774254571914,555.903199221709,NPG-2026.09.11.pdf,753.1414840463216,669.6787223118957,663.1871741769959,555.6129479415134,NPG-2026.09.18.pdf,752.8901641398367,670.7144314337517,663.0446963811838,555.6684056452324,wb_NPG-2025.01.17.pdf,752.6354358873464,669.7747851173069,663.4383824113629,555.7195364103115,wb_NPG-2025.12.19.pdf,753.0625304022236,670.119583260947,663.5448374509677,555.8201561028465,wb_NPG-2026.03.20.pdf,752.7202869361327,670.0268647706689,663.1989675276491,555.4699221377796,wb_NPG-2026.03.27.pdf,753.3699253916697,670.7788314370904,664.0367013183494,556.1626194184909,wb_NPG-2026.04.03.pdf,753.251003075989,669.7882413415632,663.2966932066633,555.7224669711809,wb_NPG-2026.04.17.pdf,753.4778511365628,670.0350808962837,663.4453260895491,555.9499508046886
2024-11-01,9,NPG-2026.09.04.pdf,719.1192666134755,669.0416095728199,662.55006143792,547.5569230482663,NPG-2026.09.11.pdf,718.8290153332799,668.7513582926243,662.2598101577245,547.2666717680708,NPG-2026.09.18.pdf,718.924194621322,669.6187549976704,663.0446963811838,547.9986705926641,wb_NPG-2025.01.17.pdf,719.0037599865657,668.799953931777,662.463551225833,547.4334713333076,wb_NPG-2025.12.19.pdf,719.1773019969461,669.1080839055654,663.039087773277,547.7281612597952,wb_NPG-2026.03.20.pdf,719.3394559702574,669.268209521445,662.4403122784247,547.1247143963105,wb_NPG-2026.03.27.pdf,718.8165085331215,669.0932989074053,663.1939350535071,547.7349567700643,wb_NPG-2026.04.03.pdf,718.9385343629474,668.8608773222918,662.3693291873919,547.3761907977382,wb_NPG-2026.04.17.pdf,719.0463822713734,669.2937334805263,662.7863506088759,547.8775011664386
2024-11-08,9,NPG-2026.09.04.pdf,722.8287226905611,692.2257100546051,682.952069861891,567.0315674529659,NPG-2026.09.11.pdf,722.5384714103656,691.9354587744095,682.6618185816955,566.7413161727703,NPG-2026.09.18.pdf,723.3069003656461,691.5322837192936,682.766872230644,566.625170006044,wb_NPG-2025.01.17.pdf,722.9030847286854,691.708486791729,682.4475905291954,566.4426794511401,wb_NPG-2025.12.19.pdf,723.2232994184714,691.8668194016476,682.763325203215,566.4408993343515,wb_NPG-2026.03.20.pdf,723.1327322163797,692.0278669981776,682.9240040074847,566.8497508761461,wb_NPG-2026.03.27.pdf,723.0303398573345,691.8479880581566,683.4203254097305,567.1185808614454,wb_NPG-2026.04.03.pdf,722.647990440033,692.044977804077,682.7713376113629,566.8508352024378,wb_NPG-2026.04.17.pdf,722.753119350162,692.0283875637613,683.2145905097534,566.905418170885
2024-11-15,9,NPG-2026.09.04.pdf,707.0635343629472,673.6784296691769,668.1142455535485,547.5569230482663,NPG-2026.09.11.pdf,706.7732830827516,673.3881783889814,667.8239942733529,547.2666717680708,NPG-2026.09.18.pdf,706.8717538244292,674.001460741995,667.4274021255079,547.9986705926641,wb_NPG-2025.01.17.pdf,706.3309545746772,673.6741098594266,667.3377071534821,547.4334713333076,wb_NPG-2025.12.19.pdf,706.5335600546783,674.1655806824728,667.5908348724935,547.7281612597952,wb_NPG-2026.03.20.pdf,706.4423167334421,673.8201410167912,667.7508990229958,547.1247143963105,wb_NPG-2026.03.27.pdf,707.0177808253246,674.1498964964611,668.2505326425625,547.7349567700643,wb_NPG-2026.04.03.pdf,706.8828021124191,673.4976974186488,667.9335133030204,547.3761907977382,wb_NPG-2026.04.17.pdf,706.6082200736616,673.7418179750719,667.8934105840951,547.8775011664386
2024-11-22,9,NPG-2026.09.04.pdf,714.4824465171184,694.0804380931479,685.7341619197048,557.7579272602518,NPG-2026.09.11.pdf,714.1921952369229,693.7901868129524,685.4439106395092,557.4676759800562,NPG-2026.09.18.pdf,714.541488876997,694.8193130275364,686.0539015388878,557.8597585173944,wb_NPG-2025.01.17.pdf,714.1296040589161,694.1455647555538,685.372084085785,557.1817831886065,wb_NPG-2025.12.19.pdf,714.6255548977296,694.3955677901012,685.7978232693589,557.3374051359186,wb_NPG-2026.03.20.pdf,714.0288692256863,694.3038327458512,685.1999697551578,556.9872326362283,wb_NPG-2026.03.27.pdf,714.6026772089084,694.376286852685,685.9486242042584,557.848151948176,wb_NPG-2026.04.03.pdf,714.3017142665904,693.8997058426198,685.5534296691767,557.5771950097237,wb_NPG-2026.04.17.pdf,714.6806697119121,694.1700578759499,685.4386327570262,557.4326456362039
2024-11-29,9,NPG-2026.09.04.pdf,714.4824465171184,695.9351661316903,682.0247058426196,559.6126552987946,NPG-2026.09.11.pdf,714.1921952369229,695.6449148514947,681.734454562424,559.3224040185991,NPG-2026.09.18.pdf,713.4458124409158,695.9149894636176,682.766872230644,558.9554349534757,wb_NPG-2025.01.17.pdf,713.6421884661511,696.0952271266137,681.9601749364303,559.131445559666,wb_NPG-2025.12.19.pdf,714.1198052200388,696.4185665008641,682.2575755255242,559.3604038466814,wb_NPG-2026.03.20.pdf,714.0288692256863,695.8211432443,682.1653487582598,559.2631983839019,wb_NPG-2026.03.27.pdf,713.7599109440656,696.0618193823701,682.5775591448877,559.5336844778616,wb_NPG-2026.04.03.pdf,714.3017142665904,695.7544338811622,681.8439735920915,559.4319230482665,wb_NPG-2026.04.17.pdf,713.9393222961542,696.3941001232226,682.4732430939955,558.9153404677193
2024-12-06,9,NPG-2026.09.04.pdf,707.0635343629472,675.5331577077197,663.4774254571914,554.975835202438,NPG-2026.09.11.pdf,706.7732830827516,675.2429064275242,663.1871741769959,554.6855839222425,NPG-2026.09.18.pdf,706.8717538244292,675.0971371780762,663.0446963811838,555.6684056452324,wb_NPG-2025.01.17.pdf,706.8183701674423,675.1363566377215,662.9509668185981,555.2321208175465,wb_NPG-2025.12.19.pdf,707.0393097323691,675.1770800378541,663.039087773277,555.3144064251557,wb_NPG-2026.03.20.pdf,707.2009719826665,675.33745151524,663.1989675276491,555.4699221377796,wb_NPG-2026.03.27.pdf,707.0177808253246,675.8354290261467,663.1939350535071,555.3198531536481,wb_NPG-2026.04.03.pdf,706.8828021124191,675.3524254571917,663.2966932066633,554.7951029519099,wb_NPG-2026.04.17.pdf,707.3495674894195,675.2245128065872,662.7863506088759,555.2086033889307
2024-12-13,9,NPG-2026.09.04.pdf,717.2645385749331,679.2426137848054,658.8406053608348,552.1937431446233,NPG-2026.09.11.pdf,716.9742872947376,678.9523625046098,658.5503540806393,551.9034918644278,NPG-2026.09.18.pdf,716.7328417491595,679.4798429224012,658.6619906368593,552.3813763369891,wb_NPG-2025.01.17.pdf,717.054097615506,678.5482657870757,658.5642264837134,551.8202116681919,wb_NPG-2025.12.19.pdf,717.1543032861831,679.2230774593799,658.9930903517514,552.2799083590115,wb_NPG-2026.03.20.pdf,717.0634902225838,679.1307277613623,658.6470360323028,551.6766458916572,wb_NPG-2026.03.27.pdf,717.1309760034363,679.206494085517,658.9801037292935,551.9487880942778,wb_NPG-2026.04.03.pdf,717.083806324405,679.0618815342773,658.6598731103068,552.0130108940953,wb_NPG-2026.04.17.pdf,716.9047119591849,678.8488779502916,659.0796135300873,552.3255856609842
2024-12-20,9,NPG-2026.09.04.pdf,720.9739946520183,696.8625301509617,677.3878857462626,555.903199221709,NPG-2026.09.11.pdf,720.6837433718227,696.5722788707661,677.097634466067,555.6129479415134,NPG-2026.09.18.pdf,721.1155474934836,697.0106658996989,677.2884900502387,555.6684056452324,wb_NPG-2025.01.17.pdf,720.9534223576256,696.5826427193786,676.598603416016,555.7195364103115,wb_NPG-2025.12.19.pdf,721.2003007077091,696.9243161785545,677.2000787486169,555.8201561028465,wb_NPG-2026.03.20.pdf,720.8567664687062,696.5797984935243,676.8547620136892,556.228577387004,wb_NPG-2026.03.27.pdf,721.3448073276494,696.9045856472129,677.5209615558318,556.1626194184909,wb_NPG-2026.04.03.pdf,720.7932624014902,696.6817979004336,677.2071534957345,555.7224669711809,wb_NPG-2026.04.17.pdf,721.2704245186467,697.1354475389805,676.6248357030188,555.9499508046886
2024-12-27,9,NPG-2026.09.04.pdf,717.2645385749331,689.4436179967909,669.9689735920913,547.5569230482663,NPG-2026.09.11.pdf,716.9742872947376,689.1533667165953,669.6787223118957,547.2666717680708,NPG-2026.09.18.pdf,716.7328417491595,689.3409308471311,669.6187549976704,546.9029941565828,wb_NPG-2025.01.17.pdf,717.054097615506,689.2714088279042,669.2873695245421,546.9460557405425,wb_NPG-2025.12.19.pdf,717.1543032861831,689.338071013194,669.6138335832562,547.2224115821044,wb_NPG-2026.03.20.pdf,717.0634902225838,688.9932460012797,669.268209521445,547.1247143963105,wb_NPG-2026.03.27.pdf,717.1309760034363,689.3196892636287,669.936065172248,546.892190505222,wb_NPG-2026.04.03.pdf,717.083806324405,689.2628857462628,669.7882413415632,547.3761907977382,wb_NPG-2026.04.17.pdf,717.6460593749428,689.8043453164885,669.2937334805263,547.2185256857654
2025-01-03,9,NPG-2026.09.04.pdf,729.320270825461,707.0635343629472,687.588889958248,560.540019318066,NPG-2026.09.11.pdf,729.0300195452654,706.7732830827516,687.2986386780525,560.2497680378705,NPG-2026.09.18.pdf,728.7852825460519,706.8717538244292,687.1495779749686,560.0511113895565,wb_NPG-2025.01.17.pdf,728.2646562490995,706.8183701674423,686.8343308640799,560.1062767451958,wb_NPG-2025.12.19.pdf,728.7865458730695,707.0393097323691,687.3150723024311,560.371903202063,wb_NPG-2026.03.20.pdf,728.4433189609504,707.2009719826665,686.7172802536065,560.0218536331263,wb_NPG-2026.03.27.pdf,728.9297037112332,707.0177808253246,687.6341567339435,560.3764507427044,wb_NPG-2026.04.03.pdf,729.1395385749329,706.8828021124191,687.40815770772,560.3592870675379,wb_NPG-2026.04.17.pdf,728.6015267411392,707.3495674894195,686.9213275885415,560.3156633641504
2025-01-10,9,NPG-2026.09.04.pdf,744.158095133803,716.3371745556612,703.354078285862,581.869391761308,NPG-2026.09.11.pdf,743.8678438536075,716.0469232754657,703.0638270056664,581.5791404811124,NPG-2026.09.18.pdf,744.124752651188,716.7328417491595,702.4890480801047,581.9646401111796,wb_NPG-2025.01.17.pdf,743.8619552175776,716.0792664299761,702.4316298325577,581.0651472340883,wb_NPG-2025.12.19.pdf,743.9590362037908,716.1428039308017,702.9933123108432,581.6133896650725,wb_NPG-2026.03.20.pdf,743.6164239454392,716.3048349733599,702.6490404873198,581.2642006114106,wb_NPG-2026.03.27.pdf,744.0994964784007,716.2882097385935,702.8039495011111,581.4456073637701,wb_NPG-2026.04.03.pdf,743.977362883275,716.1564423051332,703.1733460353339,581.6886595107799,wb_NPG-2026.04.17.pdf,743.9227066667975,716.1633645434274,702.9838549299577,581.5676226158696
2025-01-17,9,NPG-2026.09.04.pdf,766.4148315963168,764.560103557774,747.8675512108891,616.1818604743501,NPG-2026.09.11.pdf,766.1245803161213,764.2698522775785,747.5772999306936,615.8916091941545,NPG-2026.09.18.pdf,766.0382813728107,764.9426049367295,747.4117819594313,615.9306096296947,wb_NPG-2025.01.17.pdf,766.2830724847647,764.3334101137048,747.2738643669322,615.6716543203988,wb_NPG-2025.12.19.pdf,766.2120220221819,764.6947729891098,747.4992839476255,616.0043677480411,wb_NPG-2026.03.20.pdf,766.3760814221723,764.1001156744992,747.4097001915611,616.1623420757342,wb_NPG-2026.03.27.pdf,766.8541856291521,764.3258868346242,747.4705615377715,615.9990242223183,wb_NPG-2026.04.03.pdf,766.2340993457888,764.379371307246,747.686818960361,616.001128223822,wb_NPG-2026.04.17.pdf,766.6573607500325,764.4333185027588,747.6294437455856,615.9167195459747
2025-01-24,8,NPG-2026.09.04.pdf,770.1242876734025,747.8675512108891,723.7560867098325,605.9808562623646,NPG-2026.09.11.pdf,769.8340363932069,747.5772999306936,723.465835429637,605.690604982169,NPG-2026.09.18.pdf,770.4209871171353,747.4117819594313,723.3069003656461,606.0695217049648,wb_NPG-2025.12.19.pdf,769.7522697660171,747.4992839476255,723.7290490961622,605.8893741942267,wb_NPG-2026.03.20.pdf,770.1693576682942,747.4097001915611,723.8913874656041,605.541168586592,wb_NPG-2026.03.27.pdf,770.2252506885228,747.4705615377715,723.8731061221773,605.8858290442066,wb_NPG-2026.04.03.pdf,769.9435554228744,747.686818960361,723.5753544593044,605.8001240118365,wb_NPG-2026.04.17.pdf,770.2817258937364,747.6294437455856,723.4944667659195,605.7025995955357,,,,,
2025-01-31,8,NPG-2026.09.04.pdf,758.9959194421456,720.9739946520183,692.2257100546051,582.7967557805794,NPG-2026.09.11.pdf,758.70566816195,720.6837433718227,691.9354587744095,582.5065045003838,NPG-2026.09.18.pdf,758.3685463202429,721.1155474934836,692.6279601553748,583.0603165472609,wb_NPG-2025.12.19.pdf,758.6257768568215,721.2003007077091,692.3725690793384,582.6248890204541,wb_NPG-2026.03.20.pdf,758.7895289299277,720.8567664687062,692.0278669981776,582.7815111098594,wb_NPG-2026.03.27.pdf,759.2692892455688,721.3448073276494,692.6907543229994,583.1311398934557,wb_NPG-2026.04.03.pdf,758.8151871916175,720.7932624014902,692.044977804077,582.6160235300513,wb_NPG-2026.04.17.pdf,758.584911111782,721.2704245186467,692.0283875637613,583.0503174473849,,,,,
2025-02-07,8,NPG-2026.09.04.pdf,766.4148315963168,716.3371745556612,705.2088063244048,568.8862954915087,NPG-2026.09.11.pdf,766.1245803161213,716.0469232754657,704.9185550442093,568.5960442113131,NPG-2026.09.18.pdf,766.0382813728107,716.7328417491595,704.6804009522672,568.816522878206,wb_NPG-2025.12.19.pdf,766.2120220221819,716.6485536084923,705.0163110216062,568.9696477228048,wb_NPG-2026.03.20.pdf,765.6174261729475,716.3048349733599,704.9250062349934,569.1257166238192,wb_NPG-2026.03.27.pdf,766.0114193643097,716.2882097385935,705.332248295639,569.6468796559733,wb_NPG-2026.04.03.pdf,766.2340993457888,716.1564423051332,705.0280740738767,568.7055632409806,wb_NPG-2026.04.17.pdf,765.9160133342741,716.1633645434274,705.2078971772305,569.1294604181578,,,,,
2025-02-14,8,NPG-2026.09.04.pdf,766.4148315963168,731.1749988640038,717.2645385749331,569.8136595107801,NPG-2026.09.11.pdf,766.1245803161213,730.8847475838082,716.9742872947376,569.5234082305846,NPG-2026.09.18.pdf,766.0382813728107,730.9766354182144,717.8285181852408,568.816522878206,wb_NPG-2025.12.19.pdf,765.7062723444914,731.315294261523,717.6600529638739,569.4753974004956,wb_NPG-2026.03.20.pdf,765.6174261729475,731.4779399578483,717.0634902225838,569.1257166238192,wb_NPG-2026.03.27.pdf,766.0114193643097,731.4580025057611,717.9737422682791,569.6468796559733,wb_NPG-2026.04.03.pdf,766.2340993457888,730.9942666134757,717.083806324405,569.632927260252,wb_NPG-2026.04.17.pdf,765.9160133342741,731.4845444690852,717.6460593749428,569.1294604181578,,,,,
2025-02-21,8,NPG-2026.09.04.pdf,754.3590993457885,742.3033670952602,717.2645385749331,571.6683875493229,NPG-2026.09.11.pdf,754.068848065593,742.0131158150647,716.9742872947376,571.3781362691274,NPG-2026.09.18.pdf,753.9858405759179,741.9333997790255,717.8285181852408,571.007875750368,wb_NPG-2025.12.19.pdf,754.074029757605,741.936037493028,717.6600529638739,570.9926464335678,wb_NPG-2026.03.20.pdf,754.2375974345814,742.0991134469905,717.8221454718082,571.4016823714928,wb_NPG-2026.03.27.pdf,754.2126916565124,741.5711976838733,717.9737422682791,571.3324121856584,wb_NPG-2026.04.03.pdf,754.1783670952605,742.1226348447321,717.083806324405,571.4876552987948,wb_NPG-2026.04.17.pdf,754.2191985523207,741.7810363546084,717.6460593749428,571.353502665431,,,,,
2025-02-28,8,NPG-2026.09.04.pdf,726.5381787676467,720.0466306327469,699.6446222087759,556.8305632409804,NPG-2026.09.11.pdf,726.2479274874512,719.7563793525513,699.3543709285804,556.5403119607848,NPG-2026.09.18.pdf,726.5939296738894,720.0198710574033,699.2020187718614,556.7640820813132,wb_NPG-2025.12.19.pdf,726.2577974846157,720.1888013523275,699.453064567008,557.3374051359186,wb_NPG-2026.03.20.pdf,726.1673532132772,720.0981112194818,698.8557642411974,556.9872326362283,wb_NPG-2026.03.27.pdf,726.4014049167052,720.502041062807,699.4328844417408,557.0053856833337,wb_NPG-2026.04.03.pdf,726.3574465171187,719.8658983822188,699.4638899582478,556.6498309904523,wb_NPG-2026.04.17.pdf,726.3774844938664,719.7877296871313,699.3594897862533,557.4326456362039,,,,,
2025-03-07,8,NPG-2026.09.04.pdf,693.1530740738765,691.2983460353337,671.8237016306336,542.9201029519097,NPG-2026.09.11.pdf,692.862822793681,691.0080947551381,671.5334503504381,542.6298516717142,NPG-2026.09.18.pdf,693.7236365914551,691.5322837192936,671.8101078698329,542.5202884122588,wb_NPG-2025.12.19.pdf,693.3840684347198,691.3610697239568,672.1425819717098,542.6706644828879,wb_NPG-2026.03.20.pdf,693.5451774966264,691.2692117489532,672.3028305183425,542.5727829009643,wb_NPG-2026.03.27.pdf,693.5335205878422,691.8479880581566,672.464363966776,542.6783591810084,wb_NPG-2026.04.03.pdf,692.9723418233484,691.1176137848056,671.6429693801056,542.7393707013816,wb_NPG-2026.04.17.pdf,693.5110823952766,691.2870401480034,672.2591231435565,542.7704411912189,,,,,
2025-03-14,8,NPG-2026.09.04.pdf,673.6784296691769,678.315249765534,657.9132413415634,537.3559188362808,NPG-2026.09.11.pdf,673.3881783889814,678.0249984853384,657.6229900613679,537.0656675560853,NPG-2026.09.18.pdf,672.9057843059142,678.3841664863199,657.566314200778,537.041906231853,wb_NPG-2025.12.19.pdf,673.6598310047822,678.2115781039985,657.4758413186793,537.6131677059808,wb_NPG-2026.03.20.pdf,673.0614857675669,678.372072512138,657.1297255338536,537.2621961563932,wb_NPG-2026.03.27.pdf,673.3071302316188,678.3637278206746,657.2945711996084,537.6217615919526,wb_NPG-2026.04.03.pdf,673.4976974186488,678.1345175150059,657.7325090910354,537.1751865857527,wb_NPG-2026.04.17.pdf,673.7418179750719,678.1075305345341,657.5969186985719,537.6633812159996,,,,,
2025-03-21,8,NPG-2026.09.04.pdf,701.4993502473187,669.0416095728199,660.6953333993772,541.0653749133669,NPG-2026.09.11.pdf,701.2090989671232,668.7513582926243,660.4050821191817,540.7751236331713,NPG-2026.09.18.pdf,701.3933716440234,669.6187549976704,660.8533435090213,540.3289355400963,wb_NPG-2025.12.19.pdf,701.476063277771,669.1080839055654,660.5103393848236,540.6476657721252,wb_NPG-2026.03.20.pdf,701.131729988871,669.268209521445,660.923001779976,540.2968171532907,wb_NPG-2026.03.27.pdf,701.9611832362683,669.0932989074053,660.6656362589787,540.9928266513233,wb_NPG-2026.04.03.pdf,701.3186179967906,668.8608773222918,660.5146011488491,540.8846426628388,wb_NPG-2026.04.17.pdf,701.5011600984424,669.2937334805263,660.5623083616026,540.6287708790303,,,,,
2025-03-28,8,NPG-2026.09.04.pdf,737.6665469989036,686.6615259389762,675.5331577077197,554.975835202438,NPG-2026.09.11.pdf,737.3762957187081,686.3712746587806,675.2429064275242,554.6855839222425,NPG-2026.09.18.pdf,737.550694034701,686.0539015388878,675.0971371780762,554.5727292091511,wb_NPG-2025.12.19.pdf,737.8900400715021,686.3035729470497,675.1770800378541,554.8086567474649,wb_NPG-2026.03.20.pdf,737.5471819516438,686.7172802536065,675.33745151524,554.7112668885552,wb_NPG-2026.03.27.pdf,738.2001326245025,686.7913904691012,674.9926627613039,554.4770868888053,wb_NPG-2026.04.03.pdf,737.4858147483756,686.4807936884481,675.3524254571917,554.7951029519099,wb_NPG-2026.04.17.pdf,738.0742992758198,686.9213275885415,675.2245128065872,554.4672559731732,,,,,
2025-04-04,8,NPG-2026.09.04.pdf,776.6158358083023,682.0247058426196,675.5331577077197,569.8136595107801,NPG-2026.09.11.pdf,776.3255845281068,681.734454562424,675.2429064275242,569.5234082305846,NPG-2026.09.18.pdf,776.9950457336219,681.6711957945628,676.1928136141574,568.816522878206,wb_NPG-2025.12.19.pdf,776.3270155759961,681.7518258478334,675.6828297155447,569.4753974004956,wb_NPG-2026.03.20.pdf,776.2385996620897,681.4066935090354,675.33745151524,569.1257166238192,wb_NPG-2026.03.27.pdf,776.9673808072638,681.7347928800449,675.8354290261467,569.6468796559733,wb_NPG-2026.04.03.pdf,776.4351035577743,681.8439735920915,675.3524254571917,569.632927260252,wb_NPG-2026.04.17.pdf,776.871480700471,681.7318956782381,675.8834882872609,569.1294604181578,,,,,
2025-04-11,8,NPG-2026.09.04.pdf,684.8067979004334,618.0365885128929,611.545040377993,498.40663002688217,NPG-2026.09.11.pdf,684.5165466202378,617.7463372326973,611.2547890977975,498.11637874668656,NPG-2026.09.18.pdf,684.9582251028065,618.1219625018572,611.5479038853701,497.5975545329321,wb_NPG-2025.12.19.pdf,684.7863239139773,618.0273664588036,611.9583703265151,498.16469284610537,wb_NPG-2026.03.20.pdf,685.1999697551578,618.4383078234077,611.6104105803879,497.81212319672295,wb_NPG-2026.03.27.pdf,685.1058579394156,618.5273230168467,611.7851928981057,498.01174714434853,wb_NPG-2026.04.03.pdf,684.6260656499053,617.8558562623648,611.3643081274649,498.22589777635403,wb_NPG-2026.04.17.pdf,684.6972853412688,618.1407617932475,611.5510069865134,498.20722431067514,,,,,
2025-04-18,8,NPG-2026.09.04.pdf,699.6446222087759,627.3102287056065,621.7460445899785,506.75290620032484,NPG-2026.09.11.pdf,699.3543709285804,627.019977425411,621.455793309783,506.46265492012924,NPG-2026.09.18.pdf,699.2020187718614,626.8873739905058,621.4089918101005,506.3629660215812,wb_NPG-2025.12.19.pdf,699.453064567008,627.1308606572367,621.5676142026388,506.7624373668476,wb_NPG-2026.03.20.pdf,699.6144194904218,626.7835155648763,621.4729288203057,506.9159861874159,wb_NPG-2026.03.27.pdf,699.4328844417408,626.9549856652728,621.0556218113746,507.28217605761745,wb_NPG-2026.04.03.pdf,699.4638899582478,627.1294964550784,621.5653123394504,506.5721739497967,wb_NPG-2026.04.17.pdf,699.3594897862533,626.8721869121712,621.0237795211945,506.9386494295988,,,,,
2025-04-25,8,NPG-2026.09.04.pdf,722.8287226905611,639.3659609561348,632.8744128212354,511.3897262966819,NPG-2026.09.11.pdf,722.5384714103656,639.0757096759393,632.5841615410399,511.0994750164863,NPG-2026.09.18.pdf,722.2112239295649,638.9398147873986,633.4614326069928,511.841348201987,wb_NPG-2025.12.19.pdf,722.21180006309,638.7631032441228,633.1998567895251,511.8199341437545,wb_NPG-2026.03.20.pdf,722.3740769671549,638.9219995524672,632.8527575586718,511.46791768276216,wb_NPG-2026.03.27.pdf,722.1875735924917,638.7537133730701,632.8543495191715,511.4960073818305,wb_NPG-2026.04.03.pdf,722.647990440033,639.1852287056067,632.6936805707073,511.20899404615375,wb_NPG-2026.04.17.pdf,722.0117719344041,638.6513736292097,632.7205943031483,512.0457094048181,,,,,
2025-05-02,8,NPG-2026.09.04.pdf,698.7172581895045,619.8913165514357,618.0365885128929,484.4961697378115,NPG-2026.09.11.pdf,698.427006909309,619.6010652712401,617.7463372326973,484.2059184576159,NPG-2026.09.18.pdf,699.2020187718614,619.2176389379384,618.1219625018572,484.4494372999585,wb_NPG-2025.12.19.pdf,698.9473148893175,619.544615491876,618.0273664588036,484.50945154845647,wb_NPG-2026.03.20.pdf,698.8557642411974,619.9556183218565,617.6796525741834,484.1563287106828,wb_NPG-2026.03.27.pdf,698.590118176898,620.2128555465318,618.5273230168467,484.5274869068661,wb_NPG-2026.04.03.pdf,698.5365259389764,619.7105843009076,617.8558562623648,484.31543748728336,wb_NPG-2026.04.17.pdf,698.6181423704959,619.6234566247629,618.1407617932475,484.286367281448,,,,,
2025-05-09,8,NPG-2026.09.04.pdf,689.4436179967909,601.344036166008,605.0534922430932,462.2394332752977,NPG-2026.09.11.pdf,689.1533667165953,601.0537848858124,604.7632409628976,461.9491819951021,NPG-2026.09.18.pdf,689.3409308471311,600.5911395245586,604.9738452688836,462.53590857833535,wb_NPG-2025.12.19.pdf,688.8323213355033,600.8318774173196,605.3836245165359,462.2564657300651,wb_NPG-2026.03.20.pdf,688.9932460012797,600.9892370912457,605.541168586592,462.1553264831741,wb_NPG-2026.03.27.pdf,689.3196892636287,600.8292314551512,605.8858290442066,462.6155640209571,wb_NPG-2026.04.03.pdf,689.2628857462628,601.1633039154799,604.8727599925651,462.05870102476956,wb_NPG-2026.04.17.pdf,689.0629979007306,600.5955396203165,605.2083679850309,462.2930606139709,,,,,
2025-05-16,8,NPG-2026.09.04.pdf,716.3371745556612,631.0196847826926,633.8017768405068,490.0603538534395,NPG-2026.09.11.pdf,716.0469232754657,630.729433502497,633.5115255603113,489.7701025732439,NPG-2026.09.18.pdf,715.6371653130783,631.2700797348308,633.4614326069928,489.92781948036384,wb_NPG-2025.12.19.pdf,716.1428039308017,631.1768580787622,634.2113561449065,490.07269800305414,wb_NPG-2026.03.20.pdf,716.3048349733599,630.5767918109987,633.6114128078962,490.2255707044783,wb_NPG-2026.03.27.pdf,716.2882097385935,631.1688169894863,633.6971157840143,490.4268507607643,wb_NPG-2026.04.03.pdf,716.1564423051332,630.8389525321645,633.6210445899787,489.87962160291136,wb_NPG-2026.04.17.pdf,716.1633645434274,631.3202714067172,634.2032891346641,490.1347746724252,,,,,
2025-05-23,8,NPG-2026.09.04.pdf,718.1919025942041,628.2375927248784,623.6007726285213,493.7698099305251,NPG-2026.09.11.pdf,717.9016513140085,627.9473414446828,623.3105213483258,493.4795586503295,NPG-2026.09.18.pdf,717.8285181852408,627.983050426587,623.600344682263,493.2148487886071,wb_NPG-2025.12.19.pdf,717.6600529638739,628.142360012618,623.5906129134017,493.61294574688907,wb_NPG-2026.03.20.pdf,717.8221454718082,628.3008260633251,623.7488945679784,493.2601917013758,wb_NPG-2026.03.27.pdf,717.9737422682791,628.6405181949584,623.5839206059026,493.797915820135,wb_NPG-2026.04.03.pdf,718.011170343676,628.0568604743503,623.4200403779932,493.589077679997,wb_NPG-2026.04.17.pdf,717.6460593749428,628.3548817436865,623.9891691842251,493.75913981612956,,,,,
2025-05-30,8,NPG-2026.09.04.pdf,714.4824465171184,629.1649567441498,616.1818604743501,487.27826179562527,NPG-2026.09.11.pdf,714.1921952369229,628.8747054639542,615.8916091941545,486.98801051542966,NPG-2026.09.18.pdf,714.541488876997,629.0787268626683,617.0262860657759,487.7364666082018,wb_NPG-2025.12.19.pdf,714.6255548977296,629.6596090456902,616.5101174257317,487.5439496146006,wb_NPG-2026.03.20.pdf,714.0288692256863,629.0594813125499,616.1623420757342,487.1909497075808,wb_NPG-2026.03.27.pdf,714.6026772089084,629.4832844598008,616.8417904871611,487.8985519662368,wb_NPG-2026.04.03.pdf,714.3017142665904,628.9842244936217,616.001128223822,487.09752954509713,wb_NPG-2026.04.17.pdf,714.6806697119121,629.8375765752019,616.6580669617322,487.91073242515193,,,,,
2025-06-06,8,NPG-2026.09.04.pdf,719.1192666134755,630.0923207634212,622.6734086092499,498.40663002688217,NPG-2026.09.11.pdf,718.8290153332799,629.8020694832256,622.3831573290544,498.11637874668656,NPG-2026.09.18.pdf,718.924194621322,630.1744032987496,622.5046682461817,498.69323096901337,wb_NPG-2025.12.19.pdf,719.1773019969461,630.165358723381,623.0848632357109,498.16469284610537,wb_NPG-2026.03.20.pdf,719.3394559702574,629.8181365617743,622.990239318754,497.81212319672295,wb_NPG-2026.03.27.pdf,718.8165085331215,630.3260507246436,622.7411543410598,498.8545134091913,wb_NPG-2026.04.03.pdf,718.9385343629474,629.9115885128931,622.4926763587218,498.22589777635403,wb_NPG-2026.04.17.pdf,719.0463822713734,630.5789239909593,623.2478217684672,498.20722431067514,,,,,
2025-06-13,8,NPG-2026.09.04.pdf,734.8844549410894,654.2037852644773,653.2764212452059,520.6633664893959,NPG-2026.09.11.pdf,734.5942036608939,653.9135339842818,652.9861699650104,520.3731152092004,NPG-2026.09.18.pdf,734.2636647264577,653.183608456453,653.183608456453,520.6067596906356,wb_NPG-2025.12.19.pdf,734.3497923276674,653.4298438971535,652.924094219463,520.9234283421875,wb_NPG-2026.03.20.pdf,734.5125609547463,653.3364492877313,652.5777940385069,520.5717806734556,wb_NPG-2026.03.27.pdf,734.8290675651318,653.9235061402377,653.0807398753954,520.7664362950994,wb_NPG-2026.04.03.pdf,734.7037226905613,654.0230530139493,653.0956889946779,520.4826342388678,wb_NPG-2026.04.17.pdf,734.4499341321159,653.972553554868,652.4898587233527,520.859506458826,,,,,
2025-06-20,8,NPG-2026.09.04.pdf,786.8168400202878,758.9959194421456,741.3760030759888,580.0146637227651,NPG-2026.09.11.pdf,786.5265887400923,758.70566816195,741.0857517957933,579.7244124425696,NPG-2026.09.18.pdf,786.8561336583522,758.3685463202429,741.9333997790255,579.7732872390176,wb_NPG-2025.12.19.pdf,786.9477588075009,758.6257768568215,741.4302878153372,579.59039095431,wb_NPG-2026.03.20.pdf,786.8597731512318,758.7895289299277,741.3404581977661,579.7468901129614,wb_NPG-2026.03.27.pdf,787.0805759853755,758.426522980726,741.5711976838733,579.760074834085,wb_NPG-2026.04.03.pdf,786.6361077697597,758.8151871916175,741.1952708254607,579.833931472237,wb_NPG-2026.04.17.pdf,787.0856006509096,758.584911111782,741.7810363546084,580.0849277843542,,,,,
2025-06-27,8,NPG-2026.09.04.pdf,763.6327395385031,718.1919025942041,700.5719862280473,539.2106468748241,NPG-2026.09.11.pdf,763.3424882583075,717.9016513140085,700.2817349478518,538.9203955946285,NPG-2026.09.18.pdf,763.8469285006482,717.8285181852408,700.2976952079422,539.2332591040155,wb_NPG-2025.12.19.pdf,763.6832736337284,718.1658026415647,699.9588142446988,538.6246670613622,wb_NPG-2026.03.20.pdf,763.3414604252748,717.8221454718082,700.3730747396462,538.779506654842,wb_NPG-2026.03.27.pdf,764.3258868346242,717.9737422682791,700.2756507065832,539.3072941216382,wb_NPG-2026.04.03.pdf,763.452007287975,718.011170343676,700.3912539775192,539.029914624296,wb_NPG-2026.04.17.pdf,763.6919710870013,718.305034855616,700.018465266927,539.146076047515,,,,,
2025-07-04,8,NPG-2026.09.04.pdf,725.6108147483753,713.555082497847,704.2814423051334,519.7360024701245,NPG-2026.09.11.pdf,725.3205634681798,713.2648312176515,703.9911910249378,519.445751189929,NPG-2026.09.18.pdf,725.4982532378086,713.4458124409158,704.6804009522672,519.5110832545548,wb_NPG-2025.12.19.pdf,725.2462981292343,713.614055542348,704.5105613439154,519.4061793091154,wb_NPG-2026.03.20.pdf,725.4086979640529,713.270213976462,704.1663509857685,519.8131254242312,wb_NPG-2026.03.27.pdf,725.5586386518625,713.7599109440656,704.4894820307967,519.9236700302571,wb_NPG-2026.04.03.pdf,725.4300824978473,713.374350247319,704.1007100546053,519.5552702195964,wb_NPG-2026.04.17.pdf,724.8947896623506,713.9393222961542,704.4665497614731,519.3768116273106,,,,,
2025-07-11,8,NPG-2026.09.04.pdf,750.6496432687034,765.4874675770454,759.923283461417,536.4285548170094,NPG-2026.09.11.pdf,750.3593919885078,765.1972162968499,759.6330321812214,536.1383035368139,NPG-2026.09.18.pdf,750.6988112676746,764.9426049367295,760.5598991924049,537.041906231853,wb_NPG-2025.12.19.pdf,750.5337820137698,765.2005226668006,760.1430258898932,536.6016683505994,wb_NPG-2026.03.20.pdf,750.4443211884591,764.8587709237231,760.3068394283769,536.5035409071688,wb_NPG-2026.03.27.pdf,750.8416265971422,765.168653099467,760.1120555104111,536.7789953271102,wb_NPG-2026.04.03.pdf,750.4689110181753,765.3067353265174,759.7425512108889,536.2478225664813,wb_NPG-2026.04.17.pdf,750.5124614735316,765.1746659185167,760.0676059432974,536.9220338002422,,,,,
2025-07-18,8,NPG-2026.09.04.pdf,741.3760030759888,747.8675512108891,751.5770072879748,532.7190987399238,NPG-2026.09.11.pdf,741.0857517957933,747.5772999306936,751.2867560077792,532.4288474597282,NPG-2026.09.18.pdf,741.9333997790255,747.4117819594313,751.7944877037559,532.6592004875284,wb_NPG-2025.12.19.pdf,741.4302878153372,747.4992839476255,751.5452813691512,532.5556709290737,wb_NPG-2026.03.20.pdf,741.3404581977661,747.4097001915611,751.2029764376834,531.9516094118221,wb_NPG-2026.03.27.pdf,741.5711976838733,747.4705615377715,751.684392861985,532.5651640028967,wb_NPG-2026.04.03.pdf,741.1952708254607,747.686818960361,751.3962750374467,532.5383664893957,wb_NPG-2026.04.17.pdf,741.7810363546084,747.6294437455856,751.2538088892895,532.5563212407803,,,,,
2025-07-25,8,NPG-2026.09.04.pdf,733.957090921818,746.9401871916177,744.158095133803,528.0822786435672,NPG-2026.09.11.pdf,733.6668396416225,746.6499359114222,743.8678438536075,527.7920273633716,NPG-2026.09.18.pdf,734.2636647264577,746.3161055233505,744.124752651188,528.2764947432039,wb_NPG-2025.12.19.pdf,734.3497923276674,746.4877845922446,743.9590362037908,528.5096735075482,wb_NPG-2026.03.20.pdf,734.5125609547463,746.6510449423367,743.6164239454392,528.1583331656998,wb_NPG-2026.03.27.pdf,734.8290675651318,746.6277952729287,744.0994964784007,528.3513326786837,wb_NPG-2026.04.03.pdf,733.7763586712899,746.7594549410896,743.977362883275,527.9015463930391,wb_NPG-2026.04.17.pdf,734.4499341321159,746.8880963298277,743.9227066667975,528.1906086813185,,,,,
2025-08-01,8,NPG-2026.09.04.pdf,744.158095133803,729.320270825461,727.4655427869181,541.0653749133669,NPG-2026.09.11.pdf,743.8678438536075,729.0300195452654,727.1752915067226,540.7751236331713,NPG-2026.09.18.pdf,744.124752651188,728.7852825460519,726.5939296738894,541.4246119761775,wb_NPG-2025.12.19.pdf,743.9590362037908,728.7865458730695,727.2692968399973,541.153415449816,wb_NPG-2026.03.20.pdf,744.3750791946636,729.2019742101747,726.9260084625016,541.0554724025155,wb_NPG-2026.03.27.pdf,744.0994964784007,728.9297037112332,727.244171181548,540.9928266513233,wb_NPG-2026.04.03.pdf,743.977362883275,729.1395385749329,727.2848105363901,540.8846426628388,wb_NPG-2026.04.17.pdf,743.9227066667975,729.3428741568966,727.1188319096239,541.2877463597035,,,,,
2025-08-08,8,NPG-2026.09.04.pdf,740.4486390567179,682.952069861891,685.7341619197048,516.0265463930389,NPG-2026.09.11.pdf,740.1583877765223,682.6618185816955,685.4439106395092,515.7362951128433,NPG-2026.09.18.pdf,740.8377233429443,682.766872230644,684.9582251028065,516.2240539463111,wb_NPG-2025.12.19.pdf,740.9245381376464,682.763325203215,685.2920735916681,516.3716812429712,wb_NPG-2026.03.20.pdf,740.5818029485413,682.1653487582598,685.1999697551578,516.0198491781093,wb_NPG-2026.03.27.pdf,740.7284314190305,682.5775591448877,685.1058579394156,516.5526049708864,wb_NPG-2026.04.03.pdf,740.2679068061898,682.7713376113629,685.5534296691767,515.8458141425108,wb_NPG-2026.04.17.pdf,741.039688938851,682.4732430939955,685.4386327570262,516.4937938993642,,,,,
2025-08-15,8,NPG-2026.09.04.pdf,736.7391829796322,671.8237016306336,672.7510656499055,503.9708141425106,NPG-2026.09.11.pdf,736.4489316994367,671.5334503504381,672.46081436971,503.680562862315,NPG-2026.09.18.pdf,736.4550175986197,671.8101078698329,671.8101078698329,503.07593671333746,wb_NPG-2025.12.19.pdf,736.3727910384299,672.1425819717098,672.1425819717098,503.72793930070327,wb_NPG-2026.03.20.pdf,736.0298714531946,672.3028305183425,672.3028305183425,503.1227099412936,wb_NPG-2026.03.27.pdf,736.514600094817,672.464363966776,672.464363966776,503.9111109982467,wb_NPG-2026.04.03.pdf,736.5584507291042,671.6429693801056,672.5703333993774,503.7900818919825,wb_NPG-2026.04.17.pdf,736.5916044443045,672.2591231435565,672.2591231435565,503.3142842858944,,,,,
2025-08-22,8,NPG-2026.09.04.pdf,740.4486390567179,677.3878857462626,670.8963376113627,507.68027021959625,NPG-2026.09.11.pdf,740.1583877765223,677.097634466067,670.6060863311671,507.39001893940065,NPG-2026.09.18.pdf,740.8377233429443,677.2884900502387,670.7144314337517,507.458642457662,wb_NPG-2025.12.19.pdf,740.9245381376464,677.7058284263077,670.6253329386376,507.2681870445382,wb_NPG-2026.03.20.pdf,740.5818029485413,677.6134172629136,670.7855200198933,506.9159861874159,wb_NPG-2026.03.27.pdf,740.7284314190305,677.5209615558318,670.7788314370904,507.28217605761745,wb_NPG-2026.04.03.pdf,740.2679068061898,677.2071534957345,670.7156053608346,507.4995379690681,wb_NPG-2026.04.17.pdf,741.039688938851,677.3661831187762,670.7764283120416,506.9386494295988,,,,,
2025-08-29,8,NPG-2026.09.04.pdf,745.0854591530745,687.588889958248,682.952069861891,509.53499825813907,NPG-2026.09.11.pdf,744.7952078728789,687.2986386780525,682.6618185816955,509.24474697794346,NPG-2026.09.18.pdf,745.2204290872693,687.1495779749686,682.766872230644,509.6499953298245,wb_NPG-2025.12.19.pdf,744.9705355591724,687.8208219801219,683.2690748809058,509.29118575530117,wb_NPG-2026.03.20.pdf,745.1337344438884,687.4759355028314,682.9240040074847,509.19195193508904,wb_NPG-2026.03.27.pdf,744.9422627432435,687.6341567339435,683.4203254097305,508.96770858730304,wb_NPG-2026.04.03.pdf,744.9047269025464,687.40815770772,682.7713376113629,509.35426600761093,wb_NPG-2026.04.17.pdf,745.4054014983128,687.5803030692152,683.2145905097534,509.16269167687204,,,,,
2025-09-05,8,NPG-2026.09.04.pdf,760.8506474806884,703.354078285862,696.8625301509617,505.82554218105344,NPG-2026.09.11.pdf,760.5603962004928,703.0638270056664,696.5722788707661,505.53529090085783,NPG-2026.09.18.pdf,760.5598991924049,702.4890480801047,697.0106658996989,505.26728958549995,wb_NPG-2025.12.19.pdf,760.1430258898932,702.9933123108432,696.9243161785545,505.750938011466,wb_NPG-2026.03.20.pdf,760.3068394283769,702.6490404873198,696.5797984935243,505.39867568896716,wb_NPG-2026.03.27.pdf,760.1120555104111,702.8039495011111,696.9045856472129,505.5966435279323,wb_NPG-2026.04.03.pdf,760.6699152301603,703.1733460353339,696.6817979004336,505.6448099305253,wb_NPG-2026.04.17.pdf,760.0676059432974,702.9838549299577,697.1354475389805,505.45595459808345,,,,,
2025-09-12,8,NPG-2026.09.04.pdf,758.9959194421456,705.2088063244048,699.6446222087759,500.261358065425,NPG-2026.09.11.pdf,758.70566816195,704.9185550442093,699.3543709285804,499.9711067852294,NPG-2026.09.18.pdf,758.3685463202429,704.6804009522672,699.2020187718614,499.7889074050946,wb_NPG-2025.12.19.pdf,758.6257768568215,705.0163110216062,699.453064567008,499.68194187917754,wb_NPG-2026.03.20.pdf,758.0308736807033,704.9250062349934,698.8557642411974,499.32943369517125,wb_NPG-2026.03.27.pdf,758.426522980726,705.332248295639,699.4328844417408,499.69727967403367,wb_NPG-2026.04.03.pdf,758.8151871916175,705.0280740738767,699.4638899582478,500.08062581489685,wb_NPG-2026.04.17.pdf,758.584911111782,705.2078971772305,699.3594897862533,499.6075472071063,,,,,
2025-09-19,8,NPG-2026.09.04.pdf,771.0516516926739,716.3371745556612,708.91826240149,514.171818354496,NPG-2026.09.11.pdf,770.7614004124783,716.0469232754657,708.6280111212944,513.8815670743005,NPG-2026.09.18.pdf,771.5166635532165,716.7328417491595,707.96743026051,514.032701074149,wb_NPG-2025.12.19.pdf,771.2695187990893,716.6485536084923,708.5565587654413,513.8429328545175,wb_NPG-2026.03.20.pdf,770.928012917519,716.3048349733599,708.7182824811152,513.7438834304357,wb_NPG-2026.03.27.pdf,771.0680169533656,717.1309760034363,708.7033133550098,514.0243061763584,wb_NPG-2026.04.03.pdf,770.8709194421458,716.1564423051332,708.7375301509619,513.991086103968,wb_NPG-2026.04.17.pdf,771.0230733094938,716.9047119591849,708.8322623209344,513.5284042363335,,,,,
2025-09-26,8,NPG-2026.09.04.pdf,752.5043713072462,719.1192666134755,702.4267142665906,513.2444543352246,NPG-2026.09.11.pdf,752.2141200270506,718.8290153332799,702.136462986395,512.9542030550291,NPG-2026.09.18.pdf,752.8901641398367,718.924194621322,702.4890480801047,512.9370246380682,wb_NPG-2025.12.19.pdf,752.5567807245328,719.1773019969461,702.4875626331524,512.8314334991361,wb_NPG-2026.03.20.pdf,752.7202869361327,719.3394559702574,702.6490404873198,512.9852281812114,wb_NPG-2026.03.27.pdf,752.5271591268273,719.6592747979643,702.8039495011111,513.1815399115156,wb_NPG-2026.04.03.pdf,752.3236390567181,718.9385343629474,702.2459820160625,513.0637220846966,wb_NPG-2026.04.17.pdf,752.7365037208053,719.0463822713734,702.2425075142003,512.787056820576,,,,,
2025-10-03,8,NPG-2026.09.04.pdf,756.2138273843314,705.2088063244048,689.4436179967909,511.3897262966819,NPG-2026.09.11.pdf,755.9235761041358,704.9185550442093,689.1533667165953,511.0994750164863,NPG-2026.09.18.pdf,756.1771934480804,704.6804009522672,689.3409308471311,510.74567176590574,wb_NPG-2025.12.19.pdf,756.6027781460585,705.0163110216062,689.8438206908846,511.3141844660639,wb_NPG-2026.03.20.pdf,756.5135631822545,704.9250062349934,689.751901250504,510.7092624335378,wb_NPG-2026.03.27.pdf,756.7409904510404,705.332248295639,690.1624555284715,511.4960073818305,wb_NPG-2026.04.03.pdf,756.0330951338033,705.0280740738767,689.2628857462628,511.20899404615375,wb_NPG-2026.04.17.pdf,756.3608688645093,705.2078971772305,689.8043453164885,511.3043619890606,,,,,
2025-10-10,8,NPG-2026.09.04.pdf,740.4486390567179,675.5331577077197,666.2595175150057,502.1160861039678,NPG-2026.09.11.pdf,740.1583877765223,675.2429064275242,665.9692662348101,501.8258348237722,NPG-2026.09.18.pdf,739.742046906863,676.1928136141574,666.3317256894267,501.98026027725666,wb_NPG-2025.12.19.pdf,739.9130387822651,675.6828297155447,666.5793355171121,502.7164399453219,wb_NPG-2026.03.20.pdf,739.8231476993169,676.0961067644648,666.233588524547,502.3640546920692,wb_NPG-2026.03.27.pdf,739.8856651541877,675.8354290261467,666.5650001128778,502.2255784685616,wb_NPG-2026.04.03.pdf,740.2679068061898,675.3524254571917,666.0787852644776,501.93535385343966,wb_NPG-2026.04.17.pdf,740.2983415230935,675.8834882872609,666.4107157525798,502.57293687013697,,,,,
2025-10-17,8,NPG-2026.09.04.pdf,733.0297269025466,654.2037852644773,638.4385969368634,472.4404374872832,NPG-2026.09.11.pdf,732.739475622351,653.9135339842818,638.1483456566679,472.1501862070876,NPG-2026.09.18.pdf,733.1679882903769,654.2792848925343,637.8441383513178,472.39699650306613,wb_NPG-2025.12.19.pdf,733.338292972286,653.9355935748443,638.2573535664322,472.37145928387906,wb_NPG-2026.03.20.pdf,732.9952504562971,654.0951045369561,638.1633443032429,472.0178447230919,wb_NPG-2026.03.27.pdf,733.1435350354462,653.9235061402377,637.9109471082273,472.7287591990688,wb_NPG-2026.04.03.pdf,732.8489946520185,654.0230530139493,638.2578646863353,472.25970523675505,wb_NPG-2026.04.17.pdf,732.9672393006006,653.972553554868,637.9100262134523,472.5895524994941,,,,,
2025-10-24,8,NPG-2026.09.04.pdf,705.2088063244048,672.7510656499055,666.2595175150057,467.80361739092615,NPG-2026.09.11.pdf,704.9185550442093,672.46081436971,665.9692662348101,467.51336611073054,NPG-2026.09.18.pdf,704.6804009522672,672.9057843059142,666.3317256894267,466.9186143226599,wb_NPG-2025.12.19.pdf,705.0163110216062,672.6483316494006,666.5793355171121,467.31396250697196,wb_NPG-2026.03.20.pdf,704.9250062349934,672.3028305183425,666.233588524547,467.4659132277452,wb_NPG-2026.03.27.pdf,705.332248295639,672.464363966776,666.5650001128778,467.6721616100134,wb_NPG-2026.04.03.pdf,705.0280740738767,672.5703333993774,666.0787852644776,467.622885140398,wb_NPG-2026.04.17.pdf,705.2078971772305,672.2591231435565,666.4107157525798,467.48249252427485,,,,,
2025-10-31,8,NPG-2026.09.04.pdf,733.0297269025466,728.3929068061896,720.0466306327469,488.2056258148967,NPG-2026.09.11.pdf,732.739475622351,728.102655525994,719.7563793525513,487.9153745347011,NPG-2026.09.18.pdf,733.1679882903769,728.7852825460519,720.0198710574033,487.7364666082018,wb_NPG-2025.12.19.pdf,732.8325432945952,728.7865458730695,720.1888013523275,488.04969929229117,wb_NPG-2026.03.20.pdf,732.9952504562971,728.4433189609504,720.0981112194818,487.94960495680516,wb_NPG-2026.03.27.pdf,733.1435350354462,728.9297037112332,720.502041062807,488.74131823107916,wb_NPG-2026.04.03.pdf,732.8489946520185,728.2121745556615,719.8658983822188,488.02489356436854,wb_NPG-2026.04.17.pdf,732.9672393006006,728.6015267411392,719.7877296871313,487.91073242515193,,,,,
2025-11-07,8,NPG-2026.09.04.pdf,721.9013586712897,749.722279249432,726.5381787676467,484.4961697378115,NPG-2026.09.11.pdf,721.6111073910942,749.4320279692364,726.2479274874512,484.2059184576159,NPG-2026.09.18.pdf,721.1155474934836,749.6031348315934,726.5939296738894,484.4494372999585,wb_NPG-2025.12.19.pdf,721.7060503853996,749.0165329806977,726.7635471623065,485.0152012261468,wb_NPG-2026.03.20.pdf,721.6154217179305,748.9270106900103,726.9260084625016,484.9149839599072,wb_NPG-2026.03.27.pdf,722.1875735924917,749.1560940674566,727.244171181548,485.3702531717089,wb_NPG-2026.04.03.pdf,721.7206264207616,749.5415469989039,726.3574465171187,484.31543748728336,wb_NPG-2026.04.17.pdf,722.0117719344041,749.0297666420167,727.1188319096239,485.0277146972059,,,,,
2025-11-14,8,NPG-2026.09.04.pdf,764.560103557774,758.0685554228742,741.3760030759888,472.4404374872832,NPG-2026.09.11.pdf,764.2698522775785,757.7783041426786,741.0857517957933,472.1501862070876,NPG-2026.09.18.pdf,764.9426049367295,758.3685463202429,740.8377233429443,472.39699650306613,wb_NPG-2025.12.19.pdf,764.6947729891098,758.1200271791307,741.4302878153372,471.8657096061887,wb_NPG-2026.03.20.pdf,764.8587709237231,758.0308736807033,741.3404581977661,472.0178447230919,wb_NPG-2026.03.27.pdf,765.168653099467,758.426522980726,741.5711976838733,471.885992934226,wb_NPG-2026.04.03.pdf,764.379371307246,757.8878231723461,741.1952708254607,472.25970523675505,wb_NPG-2026.04.17.pdf,765.1746659185167,757.8435636960246,741.039688938851,471.8482050837362,,,,,
2025-11-21,8,NPG-2026.09.04.pdf,765.4874675770454,787.7442040395588,761.7780114999603,478.0046216029112,NPG-2026.09.11.pdf,765.1972162968499,787.4539527593632,761.4877602197647,477.7143703227156,NPG-2026.09.18.pdf,764.9426049367295,787.9518100944334,761.6555756284862,477.87537868347147,wb_NPG-2025.12.19.pdf,765.2005226668006,787.9592581628825,761.6602749229654,478.44045541616777,wb_NPG-2026.03.20.pdf,765.6174261729475,787.6184284004562,761.8241499268256,478.08708671688737,wb_NPG-2026.03.27.pdf,765.168653099467,787.9233422502183,761.7975880400967,478.62812305296745,wb_NPG-2026.04.03.pdf,765.3067353265174,787.5634717890307,761.5972792494322,477.82388935238305,wb_NPG-2026.04.17.pdf,765.1746659185167,787.8269480666675,761.4679288397285,478.43795989047084,,,,,
2025-11-28,8,NPG-2026.09.04.pdf,705.2088063244048,715.4098105363898,692.2257100546051,481.7140776799973,NPG-2026.09.11.pdf,704.9185550442093,715.1195592561943,691.9354587744095,481.42382639980167,NPG-2026.09.18.pdf,704.6804009522672,714.541488876997,691.5322837192936,482.258084427796,wb_NPG-2025.12.19.pdf,705.0163110216062,715.1313045754201,691.8668194016476,481.9807031600027,wb_NPG-2026.03.20.pdf,704.9250062349934,714.7875244749107,692.0278669981776,481.88036296300925,wb_NPG-2026.03.27.pdf,705.332248295639,715.4454434737507,691.8479880581566,481.9991881123382,wb_NPG-2026.04.03.pdf,705.0280740738767,715.2290782858618,692.044977804077,481.53334542946914,wb_NPG-2026.04.17.pdf,705.2078971772305,714.6806697119121,692.0283875637613,482.0623250341752,,,,,
2025-12-05,8,NPG-2026.09.04.pdf,711.7003544593042,682.0247058426196,656.0585133030202,479.859349641454,NPG-2026.09.11.pdf,711.4101031791087,681.734454562424,655.7682620228246,479.5690983612584,NPG-2026.09.18.pdf,711.2544595687538,682.766872230644,655.3749613286155,478.9710551195527,wb_NPG-2025.12.19.pdf,711.5910568315852,682.2575755255242,655.9585922856071,479.45195477154914,wb_NPG-2026.03.20.pdf,711.7529034780127,682.1653487582598,655.6124150354049,479.6043972153366,wb_NPG-2026.03.27.pdf,712.07437841438,682.5775591448877,655.6090386699233,479.4708893178098,wb_NPG-2026.04.03.pdf,711.5196222087761,681.8439735920915,655.8777810524921,479.67861739092587,wb_NPG-2026.04.17.pdf,711.7976519839651,682.4732430939955,655.4552483863833,479.1793073062283,,,,,
2025-12-12,8,NPG-2026.09.04.pdf,690.3709820160623,667.1868815342771,656.0585133030202,473.3678015065546,NPG-2026.09.11.pdf,690.0807307358667,666.8966302540815,655.7682620228246,473.077550226359,NPG-2026.09.18.pdf,690.4366072832123,667.4274021255079,656.4706377646968,473.4926729391474,wb_NPG-2025.12.19.pdf,690.8553200462662,667.0850851948029,655.9585922856071,472.87720896156986,wb_NPG-2026.03.20.pdf,690.5105564997289,666.9922437737714,656.3710702846292,472.7764999723163,wb_NPG-2026.03.27.pdf,691.0052217933143,667.4077663777201,656.4518049347661,473.5715254639116,wb_NPG-2026.04.03.pdf,690.1902497655342,667.006149283749,655.8777810524921,473.18706925602646,wb_NPG-2026.04.17.pdf,690.5456927322459,667.1520631683377,656.1965958021408,473.33089991525156,,,,,
2025-12-19,8,NPG-2026.09.04.pdf,645.8575090910351,631.947048801964,615.2544964550787,457.60261317894066,NPG-2026.09.11.pdf,645.5672578108396,631.6567975217685,614.9642451748831,457.31236189874505,NPG-2026.09.18.pdf,645.5138734038857,631.2700797348308,614.8349331936134,458.15320283401127,wb_NPG-2025.12.19.pdf,645.8435987317929,631.682607756453,614.9928683926595,457.70471863084856,wb_NPG-2026.03.20.pdf,645.7498967954871,631.335447060223,614.6450315772854,457.60339498782787,wb_NPG-2026.03.27.pdf,646.3386097566539,632.0115832543291,615.1562579574764,457.5589664319017,wb_NPG-2026.04.03.pdf,645.676776840507,631.7663165514359,615.0737642045506,457.4218809284125,wb_NPG-2026.04.17.pdf,645.9001039166176,631.3202714067172,615.1753721302173,457.4331164440038,,,,,
2025-12-26,7,NPG-2026.09.04.pdf,643.0754170332209,632.8744128212354,619.8913165514357,470.5857094487404,NPG-2026.09.11.pdf,642.7851657530254,632.5841615410399,619.6010652712401,470.29545816854477,NPG-2026.09.18.pdf,643.3225205317232,633.4614326069928,619.2176389379384,470.20564363090364,wb_NPG-2026.03.20.pdf,642.7152757985896,632.8527575586718,619.1969630726321,470.50053422464316,wb_NPG-2026.03.27.pdf,642.9675446972836,632.8543495191715,620.2128555465318,471.04322666938367,wb_NPG-2026.04.03.pdf,642.8946847826928,632.6936805707073,619.7105843009076,470.40497719821224,wb_NPG-2026.04.17.pdf,643.0170861886716,632.7205943031483,619.6234566247629,470.3655102522209,,,,,,,,,,
2026-01-02,7,NPG-2026.09.04.pdf,643.0754170332209,623.6007726285213,611.545040377993,466.87625337165474,NPG-2026.09.11.pdf,642.7851657530254,623.3105213483258,611.2547890977975,466.58600209145914,NPG-2026.09.18.pdf,643.3225205317232,623.600344682263,611.5479038853701,466.9186143226599,wb_NPG-2026.03.20.pdf,642.7152757985896,622.990239318754,610.8517553311635,466.70725797852083,wb_NPG-2026.03.27.pdf,642.9675446972836,623.5839206059026,611.7851928981057,466.8293953451706,wb_NPG-2026.04.03.pdf,642.8946847826928,623.4200403779932,611.3643081274649,466.6955211211266,wb_NPG-2026.04.17.pdf,643.0170861886716,623.2478217684672,611.5510069865134,466.74114510851695,,,,,,,,,,
2026-01-09,7,NPG-2026.09.04.pdf,628.2375927248784,621.7460445899785,606.908220281636,466.87625337165474,NPG-2026.09.11.pdf,627.9473414446828,621.455793309783,606.6179690014404,466.58600209145914,NPG-2026.09.18.pdf,629.0787268626683,621.4089918101005,606.0695217049648,466.9186143226599,wb_NPG-2026.03.20.pdf,628.3008260633251,621.4729288203057,606.2998238358164,467.4659132277452,wb_NPG-2026.03.27.pdf,628.6405181949584,621.0556218113746,606.7285953090494,467.6721616100134,wb_NPG-2026.04.03.pdf,628.0568604743503,621.5653123394504,606.7274880311079,466.6955211211266,wb_NPG-2026.04.17.pdf,628.3548817436865,621.0237795211945,606.4439470112936,467.48249252427485,,,,,,,,,,
2026-01-16,7,NPG-2026.09.04.pdf,645.8575090910351,641.2206889946776,629.1649567441498,499.3339940461536,NPG-2026.09.11.pdf,645.5672578108396,640.9304377144821,628.8747054639542,499.043742765958,NPG-2026.09.18.pdf,645.5138734038857,641.1311676595607,629.0787268626683,499.7889074050946,wb_NPG-2026.03.20.pdf,645.7498967954871,640.4393100509164,629.0594813125499,499.32943369517125,wb_NPG-2026.03.27.pdf,645.4958434918116,641.282012167598,629.4832844598008,499.69727967403367,wb_NPG-2026.04.03.pdf,645.676776840507,641.0399567441495,628.9842244936217,499.15326179562544,wb_NPG-2026.04.17.pdf,645.1587565008601,640.7930439413983,629.0962291594444,499.6075472071063,,,,,,,,,,
2026-01-23,7,NPG-2026.09.04.pdf,643.0754170332209,656.9858773222916,644.9301450717637,500.261358065425,NPG-2026.09.11.pdf,642.7851657530254,656.695626042096,644.6398937915682,499.9711067852294,NPG-2026.09.18.pdf,643.3225205317232,656.4706377646968,645.5138734038857,500.8845838411754,wb_NPG-2026.03.20.pdf,643.473931047814,656.3710702846292,644.9912415462627,500.84674419362045,wb_NPG-2026.03.27.pdf,643.810310962126,656.4518049347661,645.4958434918116,500.540045938876,wb_NPG-2026.04.03.pdf,642.8946847826928,656.8051450717635,644.7494128212356,500.08062581489685,wb_NPG-2026.04.17.pdf,643.0170861886716,656.1965958021408,645.1587565008601,500.3488946228642,,,,,,,,,,
2026-01-30,7,NPG-2026.09.04.pdf,663.4774254571914,680.1699778040768,669.0416095728199,522.5180945279383,NPG-2026.09.11.pdf,663.1871741769959,679.8797265238812,668.7513582926243,522.2278432477427,NPG-2026.09.18.pdf,663.0446963811838,679.4798429224012,668.5230785615892,521.7024361267169,wb_NPG-2026.03.20.pdf,663.1989675276491,679.8893830105867,668.5095542722202,522.0890911719043,wb_NPG-2026.03.27.pdf,664.0367013183494,680.0492603503598,669.0932989074053,522.451968824785,wb_NPG-2026.04.03.pdf,663.2966932066633,679.9892455535487,668.8608773222918,522.3373622774102,wb_NPG-2026.04.17.pdf,663.4453260895491,679.5902253660495,668.6347579998526,522.3422012903413,,,,,,,,,,
2026-02-06,7,NPG-2026.09.04.pdf,671.8237016306336,685.7341619197048,676.4605217269911,526.2275506050244,NPG-2026.09.11.pdf,671.5334503504381,685.4439106395092,676.1702704467956,525.9372993248288,NPG-2026.09.18.pdf,671.8101078698329,684.9582251028065,677.2884900502387,526.0851418710419,wb_NPG-2026.03.20.pdf,671.5441752691177,685.1999697551578,676.8547620136892,526.641022667251,wb_NPG-2026.03.27.pdf,672.464363966776,685.9486242042584,676.6781952909895,526.6658001489981,wb_NPG-2026.04.03.pdf,671.6429693801056,685.5534296691767,676.2797894764631,526.0468183544963,wb_NPG-2026.04.17.pdf,672.2591231435565,685.4386327570262,676.6248357030188,526.7079138498032,,,,,,,,,,
2026-02-13,7,NPG-2026.09.04.pdf,694.0804380931479,690.3709820160623,671.8237016306336,530.8643707013814,NPG-2026.09.11.pdf,693.7901868129524,690.0807307358667,671.5334503504381,530.5741194211859,NPG-2026.09.18.pdf,693.7236365914551,690.4366072832123,671.8101078698329,530.4678476153659,wb_NPG-2026.03.20.pdf,693.5451774966264,689.751901250504,671.5441752691177,531.1929541625977,wb_NPG-2026.03.27.pdf,693.5335205878422,690.1624555284715,672.464363966776,530.8796314732116,wb_NPG-2026.04.03.pdf,693.8997058426198,690.1902497655342,671.6429693801056,530.6836384508533,wb_NPG-2026.04.17.pdf,693.5110823952766,689.8043453164885,672.2591231435565,531.073626409265,,,,,,,,,,
2026-02-20,7,NPG-2026.09.04.pdf,689.4436179967909,695.0078021124189,689.4436179967909,533.6464627591952,NPG-2026.09.11.pdf,689.1533667165953,694.7175508322233,689.1533667165953,533.3562114789996,NPG-2026.09.18.pdf,689.3409308471311,694.8193130275364,689.3409308471311,533.7548769236092,wb_NPG-2026.03.20.pdf,689.751901250504,694.3038327458512,688.9932460012797,533.4689199102709,wb_NPG-2026.03.27.pdf,690.1624555284715,695.2190531175273,689.3196892636287,533.4079302677395,wb_NPG-2026.04.03.pdf,689.2628857462628,694.8270698618908,689.2628857462628,533.4657305086671,wb_NPG-2026.04.17.pdf,689.8043453164885,694.9114052917073,689.0629979007306,533.2976686565382,,,,,,,,,,
2026-02-27,7,NPG-2026.09.04.pdf,716.3371745556612,738.593911018175,731.1749988640038,537.3559188362808,NPG-2026.09.11.pdf,716.0469232754657,738.3036597379795,730.8847475838082,537.0656675560853,NPG-2026.09.18.pdf,716.7328417491595,738.6463704707822,730.9766354182144,537.041906231853,wb_NPG-2026.03.20.pdf,716.3048349733599,738.3058372008682,731.4779399578483,537.2621961563932,wb_NPG-2026.03.27.pdf,716.2882097385935,739.0428988893449,731.4580025057611,537.6217615919526,wb_NPG-2026.04.03.pdf,716.1564423051332,738.413178767647,730.9942666134757,537.1751865857527,wb_NPG-2026.04.17.pdf,716.1633645434274,738.8156466915782,731.4845444690852,537.6633812159996,,,,,,,,,,
2026-03-06,7,NPG-2026.09.04.pdf,782.1800199239308,953.74236348914,939.8319032000693,603.1987642045503,NPG-2026.09.11.pdf,781.8897686437352,953.4521122089444,939.5416519198737,602.9085129243548,NPG-2026.09.18.pdf,782.4734279140276,953.3989519426851,939.1551582736307,602.7824923967211,wb_NPG-2026.03.20.pdf,782.3078416558856,953.7639279806076,939.3494782453436,603.2652028389189,wb_NPG-2026.03.27.pdf,782.8667446611629,953.9482964242201,939.6212699218944,603.3575302496791,wb_NPG-2026.04.03.pdf,781.9992876734027,953.5616312386119,939.6511709495412,603.0180319540223,wb_NPG-2026.04.17.pdf,782.7198880914482,953.888769196383,939.2265647513984,602.737209932505,,,,,,,,,,
2026-03-13,7,NPG-2026.09.04.pdf,916.6478027182841,1111.3942467652776,1082.6459621678648,709.8456264207614,NPG-2026.09.11.pdf,916.3575514380885,1111.103995485082,1082.3557108876691,709.5553751405658,NPG-2026.09.18.pdf,916.1459531159263,1111.176358738369,1081.593094964178,710.1587831326725,wb_NPG-2026.03.20.pdf,916.5898207686103,1111.5642198192893,1081.9766650995366,710.235592979564,wb_NPG-2026.03.27.pdf,916.866580771143,1111.5455879497943,1082.048768680302,710.3888458846949,wb_NPG-2026.04.03.pdf,916.467070467756,1111.2135145147495,1082.4652299173367,709.6648941702333,wb_NPG-2026.04.17.pdf,916.5742826032476,1111.1367932720912,1081.8947563172057,710.3149571524498,,,,,,,,,,
2026-03-20,7,NPG-2026.09.04.pdf,1065.953409820979,1292.2302305232004,1220.8232010393037,812.7830325598868,NPG-2026.09.11.pdf,1065.6631585407833,1291.9399792430047,1220.532949759108,812.4927812796913,NPG-2026.09.18.pdf,1066.2536248590427,1291.9629706917558,1220.7440023464824,813.1523681242999,wb_NPG-2026.03.20.pdf,1066.0449048658238,1292.124169134705,1220.8105757076085,812.6540516248624,wb_NPG-2026.03.27.pdf,1066.036209648291,1291.8975686261208,1220.2624361144956,813.206330195498,wb_NPG-2026.04.03.pdf,1065.772677570451,1292.0494982726723,1220.6424687887757,812.6023003093587,wb_NPG-2026.04.17.pdf,1065.7498570407058,1291.778446911707,1220.856210804225,812.703272462091,,,,,,,,,,
2026-03-27,6,NPG-2026.09.04.pdf,1064.0986817824362,1314.4869669857142,1230.096841232017,829.4755849067722,NPG-2026.09.11.pdf,1063.8084305022405,1314.1967157055185,1229.8065899518213,829.1853336265766,NPG-2026.09.18.pdf,1064.0622719868802,1313.8764994133794,1230.6050902712132,829.5875146655168,wb_NPG-2026.03.27.pdf,1063.5079108537632,1314.6522577768724,1230.3756312926077,830.0616554923507,wb_NPG-2026.04.03.pdf,1063.917949531908,1314.306234735186,1229.9161089814888,829.2948526562441,wb_NPG-2026.04.17.pdf,1063.6081867285168,1314.513100994942,1230.328983338906,829.5071472192647,,,,,,,,,,,,,,,
2026-04-03,5,NPG-2026.09.04.pdf,1098.4111504954783,1415.5696450862972,1391.4581805852406,925.9214429109977,NPG-2026.09.11.pdf,1098.1208992152826,1415.2793938061016,1390.2405652857735,925.6311916308022,NPG-2026.09.18.pdf,1099.1239179414756,1414.6787315328438,1390.573849939059,926.0070410406571,wb_NPG-2026.04.03.pdf,1099.1577822642216,1415.3889128357691,1391.2774483347125,925.7407106604696,wb_NPG-2026.04.17.pdf,1098.6986310743794,1415.0892337327311,1390.7071409478124,926.0470551379287,,,,,,,,,,,,,,,,,,,,
2026-04-10,4,NPG-2026.09.04.pdf,1057.6071336475372,1384.0392684310693,1346.9447076602135,949.1055433927825,NPG-2026.09.11.pdf,1057.3168823673416,1383.7490171508737,1346.6544563800178,948.8152921125869,NPG-2026.09.18.pdf,1057.4882133703932,1382.9041148864908,1346.7467924958128,949.0162461983606,wb_NPG-2026.04.17.pdf,1057.7597793375396,1383.211294855152,1346.6381556777744,948.4522214808269,,,,,,,,,,,,,,,,,,,,,,,,,
2026-04-17,4,NPG-2026.09.04.pdf,1057.6071336475372,1260.6998538679734,1216.1863809429462,888.8268821401418,NPG-2026.09.11.pdf,1057.3168823673416,1260.4096025877777,1215.8961296627506,888.5366308599463,NPG-2026.09.18.pdf,1057.4882133703932,1261.284030481485,1216.3612966021578,888.7540422138978,wb_NPG-2026.04.17.pdf,1057.0184319217822,1261.0537151253072,1216.4904982447626,888.7325685447934,,,,,,,,,,,,,,,,,,,,,,,,,
2026-04-24,4,NPG-2026.09.04.pdf,1062.2439537438934,1199.4938285960604,1145.7067154783201,802.5820283479013,NPG-2026.09.11.pdf,1061.9537024636977,1199.2035773158648,1145.4164641981245,802.2917770677058,NPG-2026.09.18.pdf,1061.8709191147177,1199.926150060941,1146.2380046929657,802.1956037634883,wb_NPG-2026.04.17.pdf,1062.1254918970014,1199.6042515525053,1145.4858902021963,802.489152511652,,,,,,,,,,,,,,,,,,,,,,,,,
2026-05-01,3,NPG-2026.09.04.pdf,1162.399267825205,1284.81131836903,1281.1018622919444,887.8995181208704,NPG-2026.09.11.pdf,1162.1090165450094,1284.5210670888343,1280.8116110117487,887.6092668406749,NPG-2026.09.18.pdf,1162.6731512341821,1284.2932356391889,1281.0062063309451,887.6583657778166,,,,,,,,,,,,,,,,,,,,,,,,,,,,,,
2026-05-08,3,NPG-2026.09.04.pdf,1178.1644561528185,1241.2252094632743,1231.0242052512883,822.0566727526013,NPG-2026.09.11.pdf,1177.8742048726228,1240.9349581830786,1230.7339539710927,821.7664214724058,NPG-2026.09.18.pdf,1178.0126213393187,1240.4661781959426,1230.6050902712132,821.9177796129485,,,,,,,,,,,,,,,,,,,,,,,,,,,,,,
2026-05-15,3,NPG-2026.09.04.pdf,1194.8570084997043,1193.0022804611615,1176.3097281142757,813.7103965791582,NPG-2026.09.11.pdf,1194.5667572195086,1192.7120291809658,1176.01947683408,813.4201452989627,NPG-2026.09.18.pdf,1194.4477678805351,1192.256415008373,1176.9169449032374,813.1523681242999,,,,,,,,,,,,,,,,,,,,,,,,,,,,,,
2026-05-22,3,NPG-2026.09.04.pdf,1219.8958370200323,1181.8739122299041,1183.728640268447,840.603953138029,NPG-2026.09.11.pdf,1219.6055857398367,1181.5836609497085,1183.4383889882513,840.3137018578335,NPG-2026.09.18.pdf,1219.6483259104011,1181.299650647561,1183.4910035197236,840.5442790263279,,,,,,,,,,,,,,,,,,,,,,,,,,,,,,
2026-05-29,3,NPG-2026.09.04.pdf,1090.992238341307,1063.1713177631648,1059.46186168608,754.3590993457885,NPG-2026.09.11.pdf,1090.7019870611114,1062.8810664829691,1059.1716104058844,754.068848065593,NPG-2026.09.18.pdf,1090.3585064528274,1062.966595550799,1058.5838898064744,753.9858405759179,,,,,,,,,,,,,,,,,,,,,,,,,,,,,,
2026-06-05,3,NPG-2026.09.04.pdf,1039.9872172813796,1071.517593936608,1057.6071336475372,735.8118189603608,NPG-2026.09.11.pdf,1039.696966001184,1071.2273426564122,1057.3168823673416,735.5215676801653,NPG-2026.09.18.pdf,1039.9573903930955,1071.7320070394476,1057.4882133703932,735.3593411625385,,,,,,,,,,,,,,,,,,,,,,,,,,,,,,
2026-06-12,3,NPG-2026.09.04.pdf,1047.4061294355513,1044.624037377737,1038.1324892428368,716.3371745556612,NPG-2026.09.11.pdf,1047.1158781553556,1044.3337860975414,1037.842237962641,716.0469232754657,NPG-2026.09.18.pdf,1047.6271254456624,1044.340096137419,1037.766037520933,716.7328417491595,,,,,,,,,,,,,,,,,,,,,,,,,,,,,,
2026-06-19,3,NPG-2026.09.04.pdf,968.580187797482,911.0836186026556,908.301526544841,619.8913165514357,NPG-2026.09.11.pdf,968.2899365172865,910.7933673224601,908.0112752646454,619.6010652712401,NPG-2026.09.18.pdf,968.7384220478208,910.667570935521,908.4762180633585,620.3133153740192,,,,,,,,,,,,,,,,,,,,,,,,,,,,,,
2026-06-26,3,NPG-2026.09.04.pdf,950.9602714313253,890.6816101786847,884.1900620437848,567.9589314722368,NPG-2026.09.11.pdf,950.6700201511297,890.3913588984891,883.8998107635892,567.6686801920413,NPG-2026.09.18.pdf,950.1119226344418,890.9453950860603,884.3713364695737,567.7208464421248,,,,,,,,,,,,,,,,,,,,,,,,,,,,,,
2026-07-03,3,NPG-2026.09.04.pdf,967.6528237782106,914.7930746797413,903.6647064484839,525.300186585753,NPG-2026.09.11.pdf,967.3625724980151,914.5028233995457,903.3744551682884,525.0099353055574,NPG-2026.09.18.pdf,967.6427456117395,915.0502766798451,902.9978358829527,524.9894654349606,,,,,,,,,,,,,,,,,,,,,,,,,,,,,,
2026-07-10,3,NPG-2026.09.04.pdf,1008.4568406261526,1014.948388761052,1001.9652924912527,541.9927389326383,NPG-2026.09.11.pdf,1008.166589345957,1014.6581374808565,1001.6750412110572,541.7024876524428,NPG-2026.09.18.pdf,1008.1827737467421,1014.7568323632291,1001.6087151302551,541.4246119761775,,,,,,,,,,,,,,,,,,,,,,,,,,,,,,
2026-07-17,3,NPG-2026.09.04.pdf,1061.316589724622,1147.561443516863,1117.8857949001779,605.9808562623646,NPG-2026.09.11.pdf,1061.0263384444263,1147.2711922366673,1117.5955436199822,605.690604982169,NPG-2026.09.18.pdf,1060.7752426786365,1147.3336811290465,1117.750417354856,606.0695217049648,,,,,,,,,,,,,,,,,,,,,,,,,,,,,,
2026-07-24,3,NPG-2026.09.04.pdf,1161.4719038059336,1247.7167575981732,1205.9853767309608,697.7898941702331,NPG-2026.09.11.pdf,1161.181652525738,1247.4265063179776,1205.695125450765,697.4996428900375,NPG-2026.09.18.pdf,1161.5774747981009,1248.1359132485109,1205.4045322413472,698.1063423357801,,,,,,,,,,,,,,,,,,,,,,,,,,,,,,
2026-07-31,3,NPG-2026.09.04.pdf,1144.7793514590483,1288.5207744461156,1234.7336613283744,692.2257100546051,NPG-2026.09.11.pdf,1144.4891001788526,1288.23052316592,1234.4434100481787,691.9354587744095,NPG-2026.09.18.pdf,1144.0466518208032,1288.6759413835134,1233.8921195794564,692.6279601553748,,,,,,,,,,,,,,,,,,,,,,,,,,,,,,
2026-08-07,3,NPG-2026.09.04.pdf,1048.3334934548227,1200.4211926153318,1167.9634519408335,672.7510656499055,NPG-2026.09.11.pdf,1048.043242174627,1200.1309413351362,1167.6732006606378,672.46081436971,NPG-2026.09.18.pdf,1047.6271254456624,1199.926150060941,1167.0558569785067,672.9057843059142,,,,,,,,,,,,,,,,,,,,,,,,,,,,,,
2026-08-14,3,NPG-2026.09.04.pdf,1104.9026986303786,1312.6322389471723,1261.6272178872448,687.588889958248,NPG-2026.09.11.pdf,1104.612447350183,1312.3419876669766,1261.3369666070491,687.2986386780525,NPG-2026.09.18.pdf,1104.6023001218819,1312.7808229772986,1261.284030481485,687.1495779749686,,,,,,,,,,,,,,,,,,,,,,,,,,,,,,
2026-08-21,3,NPG-2026.09.04.pdf,1162.399267825205,1363.6372600070983,1261.6272178872448,699.6446222087759,NPG-2026.09.11.pdf,1162.1090165450094,1363.3470087269027,1261.3369666070491,699.3543709285804,NPG-2026.09.18.pdf,1162.6731512341821,1363.1819390370306,1261.284030481485,699.2020187718614,,,,,,,,,,,,,,,,,,,,,,,,,,,,,,
2026-08-28,3,NPG-2026.09.04.pdf,1201.3485566346033,1248.644121617445,1218.041108981489,683.879433881162,NPG-2026.09.11.pdf,1201.0583053544076,1248.3538703372494,1217.7508577012934,683.5891826009664,NPG-2026.09.18.pdf,1201.0218264970222,1249.231589684592,1218.5526494743203,683.8625486667253,,,,,,,,,,,,,,,,,,,,,,,,,,,,,,
2026-09-04,3,NPG-2026.09.04.pdf,1348.7994356987563,1394.2402726430548,1359.0004399107422,720.0466306327469,NPG-2026.09.11.pdf,1348.5091844185606,1393.9500213628592,1358.7101886305466,719.7563793525513,NPG-2026.09.18.pdf,1348.9381453679753,1393.8608792473024,1358.799233292706,720.0198710574033,,,,,,,,,,,,,,,,,,,,,,,,,,,,,,
2026-09-11,2,NPG-2026.09.11.pdf,1316.9788077633327,1462.574958788943,1441.2455863457008,815.2748733375055,NPG-2026.09.18.pdf,1317.1635287216222,1461.7928182843325,1440.974965998791,815.3437209964619,,,,,,,,,,,,,,,,,,,,,,,,,,,,,,,,,,,
2026-09-18,1,NPG-2026.09.18.pdf,1360.990586164868,1531.916110193526,1505.6198757275788,928.1983939128187,,,,,,,,,,,,,,,,,,,,,,,,,,,,,,,,,,,,,,,,
