date,be_refgrout_gasoline_kbd,de_refgrout_gasoline_kbd,fr_refgrout_gasoline_kbd,nl_refgrout_gasoline_kbd,gb_refgrout_gasoline_kbd,nwe5_refgrout_gasoline_kbd,be_refgrout_gasdies_kbd,de_refgrout_gasdies_kbd,fr_refgrout_gasdies_kbd,nl_refgrout_gasdies_kbd,gb_refgrout_gasdies_kbd,nwe5_refgrout_gasdies_kbd,be_refgrout_jetkero_kbd,de_refgrout_jetkero_kbd,fr_refgrout_jetkero_kbd,nl_refgrout_jetkero_kbd,gb_refgrout_jetkero_kbd,nwe5_refgrout_jetkero_kbd,be_refgrout_kerosene_kbd,de_refgrout_kerosene_kbd,fr_refgrout_kerosene_kbd,nl_refgrout_kerosene_kbd,gb_refgrout_kerosene_kbd,nwe5_refgrout_kerosene_kbd,be_refgrout_resfuel_kbd,de_refgrout_resfuel_kbd,fr_refgrout_resfuel_kbd,nl_refgrout_resfuel_kbd,gb_refgrout_resfuel_kbd,nwe5_refgrout_resfuel_kbd,be_refgrout_naphtha_kbd,de_refgrout_naphtha_kbd,fr_refgrout_naphtha_kbd,nl_refgrout_naphtha_kbd,gb_refgrout_naphtha_kbd,nwe5_refgrout_naphtha_kbd,be_refgrout_totprods_kbd,de_refgrout_totprods_kbd,fr_refgrout_totprods_kbd,nl_refgrout_totprods_kbd,gb_refgrout_totprods_kbd,nwe5_refgrout_totprods_kbd,cells,cells_code_2,cells_code_3,cells_code_4
2002-01-01,139.0161,637.8387,372.6177,387.8823,540.8,2078.1548000000003,247.8645,1002.5277,723.62,443.509,582.6019,3000.1231000000002,,,,,,,44.7381,75.4955,96.3394,134.7226,199.2877,550.5833,102.1597,234.6968,220.1323,191.8355,210.5613,959.3856,,,,,,,874.2555,2310.9697,1715.9432,1698.4645,1755.5561,8355.189,25,0,0,0
2002-02-01,114.9804,621.9804,312.3482,385.0786,536.8768,1971.2644000000003,229.9279,1008.6986,684.455,475.3086,573.8871,2972.2772,,,,,,,53.19,90.9014,99.9071,155.63,208.5386,608.1671,69.3375,229.2054,201.1018,257.3089,194.4214,951.375,,,,,,,835.4248,2351.3296,1661.2406,1875.7418,1770.7142,8494.451,25,0,0,0
2002-03-01,138.7435,593.6806,312.1048,344.5419,549.5226,1938.5934,241.1265,1012.1535,621.3458,431.9581,577.5484,2884.1323,,,,,,,33.8077,91.5097,93.289,149.72,208.1845,576.5109,119.429,213.4742,166.0355,266.1145,185.3855,950.4387,,,,,,,878.6074,2374.4842,1548.005,1745.1723,1766.539,8312.8079,25,0,0,0
2002-04-01,136.6083,622.4833,356.8717,285.0467,535.4483,1936.4582999999998,257.1213,954.3827,683.8333,364.048,604.0113,2863.3966,,,,,,,43.6027,92.4587,122.14,118.2,169.9453,546.3466999999999,126.85,199.52,184.255,205.325,184.47,900.4200000000001,,,,,,,927.6312,2336.9827,1735.1095,1523.8224,1754.8076,8278.3534,25,0,0,0
2002-05-01,140.6516,580.5968,354.9,319.7371,538.3468,1934.2323000000001,257.9716,896.8845,656.7206,345.3258,564.5535,2721.456,,,,,,,54.3974,91.2555,127.8594,153.2787,182.511,609.3019999999999,127.3355,207.0242,179.1435,257.5839,206.4,977.4870999999999,,,,,,,970.9652,2225.1652,1713.2621,1601.8019,1722.1192,8233.313600000001,25,0,0,0
2002-06-01,130.975,572.3467,376.3067,338.5633,523.055,1941.2467000000001,268.8087,943.9387,660.4587,363.7993,574.42,2811.4254,,,,,,,45.704,84.316,145.5173,164.9547,194.1107,634.6027,135.235,198.66,156.305,261.01,140.18,891.3900000000001,,,,,,,965.6058,2264.4163,1736.1169,1634.8054,1676.8778,8277.8222,25,0,0,0
2002-07-01,145.2855,602.1306,384.3387,386.7919,539.7097,2058.2563999999998,255.8058,958.971,692.8174,393.4548,617.7361,2918.7851,,,,,,,48.551,91.7639,138.2813,122.0129,182.511,583.1201,144.8129,193.2919,149.3903,179.7677,187.2581,854.5209,,,,,,,938.5674,2333.02,1768.5915,1615.0399,1808.7621,8463.980899999999,25,0,0,0
2002-08-01,138.471,621.2113,374.5258,372.3452,529.8968,2036.4501,238.4794,983.2761,672.6032,422.8135,583.0832,2900.2554,,,,,,,50.5845,105.7445,118.9626,160.3961,168.5303,604.2180000000001,144.6048,198.2855,160.2097,208.4806,165.4113,876.9919,,,,,,,960.3271,2381.4348,1687.9129,1707.7062,1730.9055,8468.2865,25,0,0,0
2002-09-01,133.7917,583.05,334.62,379.9683,567.5583,1998.9883,262.3433,960.102,663.6913,420.9927,597.7947,2904.9239999999995,,,,,,,57.2613,92.4587,121.8773,164.692,199.1013,635.3906000000001,134.375,221.665,162.325,191.35,178.665,888.38,,,,,,,975.849,2330.5433,1668.6167,1680.7472,1785.3238,8441.08,25,0,0,0
2002-10-01,133.0194,573.2371,318.1016,419.229,495.5516,1939.1387000000002,251.7148,920.2271,618.4581,399.2303,500.7826,2690.4129000000003,,,,,,,47.7884,94.0516,106.5071,140.569,189.8826,578.7987,150.0145,191.2113,174.7742,179.9758,167.4919,863.4676999999999,,,,,,,972.8994,2239.0665,1573.1105,1643.2644,1577.1449,8005.4857,25,0,0,0
2002-11-01,125.905,588.965,348.4217,390.39,487.0017,1940.6834000000001,273.2847,993.1747,694.7747,352.112,569.198,2882.5441,,,,,,,47.8053,85.892,102.7027,138.9507,193.5853,568.9359999999999,197.155,238.005,203.82,267.245,224.46,1130.685,,,,,,,1096.7683,2363.9783,1704.8855,1656.4858,1731.1008,8553.218700000001,25,0,0,0
2002-12-01,125.1145,617.9403,378.0694,381.8855,537.8016,2040.8113,271.2071,1007.3406,704.609,394.1768,618.4581,2995.7916,,,,,,,29.4865,83.3755,87.951,123.5381,203.3548,527.7058999999999,156.6726,259.8726,224.7097,232.6161,192.8758,1066.7468,,,,,,,929.6218,2359.6242,1746.8985,1668.7414,1816.3281,8521.214,25,0,0,0
2003-01-01,137.9258,643.0177,366.0758,381.3403,547.3419,2075.7015,265.4316,1023.9452,677.6568,428.8297,536.6387,2932.502,,,,,,,51.3471,81.5961,103.9652,137.5187,202.8465,577.2736,146.2694,235.321,181.0161,222.421,199.5339,984.5613999999999,,,,,,,960.8106,2354.3513,1654.764,1712.9514,1742.1325,8425.0098,25,0,0,0
2003-02-01,133.9929,621.9804,378.1375,354.2964,558.6054,2047.0126,253.1071,1059.5864,743.3357,413.2307,562.6971,3031.957,,,,,,,43.0586,85.2729,92.0271,151.4086,207.4129,579.1801,144.6643,230.5875,208.4732,208.7036,226.4411,1018.8697,,,,,,,855.233,2409.4429,1795.3596,1705.6723,1839.0784,8604.7862,25,0,0,0
2003-03-01,136.8355,593.1355,346.7226,352.4468,535.8935,1965.0339,294.5497,987.1265,659.3677,411.0219,591.9871,2944.0528999999997,,,,,,,40.9252,93.0348,100.4065,150.7368,204.1174,589.2207,181.2242,219.5081,205.1516,192.0435,202.0306,999.9580000000001,,,,,,,988.3729,2349.3181,1711.5559,1654.754,1823.6501,8527.651,25,0,0,0
2003-04-01,126.75,594.5983,406.1633,349.5483,534.885,2011.9449,286.464,1003.1213,661.9507,407.0673,598.7893,2957.3926,,,,,,,41.2387,94.56,104.016,133.172,198.0507,571.0374,168.345,244.67,171.355,223.17,190.705,998.245,,,,,,,990.3393,2435.0587,1724.0273,1675.3271,1793.3942,8618.1466,25,0,0,0
2003-05-01,127.2952,579.2339,391.6984,366.0758,548.1597,2012.4630000000002,286.849,950.0671,657.6832,457.9477,605.9445,2958.4915,,,,,,,53.3806,88.2052,123.7923,141.3316,197.7626,604.4723,172.9016,214.5145,194.5403,236.5694,192.4597,1010.9855,,,,,,,979.669,2314.3252,1746.6547,1800.1226,1877.3443,8718.1158,25,0,0,0
2003-06-01,150.1283,585.3033,375.18,344.76,532.0683,1987.4398999999999,261.846,946.674,688.8067,432.1827,590.086,2919.5954,,,,,,,35.7227,92.196,93.2467,139.476,167.844,528.4854,162.97,194.79,178.88,249.83,201.025,987.495,,,,,,,924.3833,2293.641,1750.4733,1774.9537,1753.7988,8497.250100000001,25,0,0,0
2003-07-01,142.8323,542.1629,403.1468,378.0694,481.9226,1948.134,270.7258,886.2961,734.449,449.2845,534.2323,2874.9877,,,,,,,43.9755,92.2723,127.0968,164.4632,165.9884,593.7962,177.479,140.0274,183.3048,222.2129,168.9484,891.9725,,,,,,,974.5918,2099.0948,1881.444,1825.3498,1626.9341,8407.4145,25,0,0,0
2003-08-01,129.7484,614.3968,396.8774,409.4161,547.3419,2097.7806,243.0516,975.5755,712.069,428.8297,596.5594,2956.0852000000004,,,,,,,43.7213,107.7781,144.3819,164.4632,190.8994,651.2439,141.6919,212.85,213.0581,200.1581,207.6484,975.4065,,,,,,,903.9937,2371.8477,1847.0764,1803.8692,1797.047,8723.833999999999,25,0,0,0
2003-09-01,130.975,649.5233,409.5433,400.2483,479.115,2069.4049,241.9527,1021.5227,735.556,459.0387,504.296,2962.3660999999997,,,,,,,39.4,91.9333,131.596,201.9907,189.12,654.04,125.56,222.525,172,236.5,198.015,954.6,,,,,,,879.913,2467.9983,1856.7611,1925.426,1641.822,8771.9204,25,0,0,0
2003-10-01,145.8306,650.9226,420.8645,346.7226,493.0984,2057.4387,260.3781,1026.5923,775.1181,414.6316,537.3606,3014.0807000000004,,,,,,,54.1432,95.3226,102.9484,139.5523,171.8348,563.8013,140.0274,223.8774,196.2048,195.9968,181.8484,937.9548,,,,,,,892.8721,2454.0571,1924.3426,1668.7414,1632.5475,8572.5607,25,0,0,0
2003-11-01,129.8483,646.1433,425.5983,337.7183,510.38,2049.6882,254.6347,1047.6327,783.0513,365.0427,553.0347,3003.3961000000004,,,,,,,48.856,87.2053,95.6107,157.8627,178.3507,567.8853999999999,124.915,223.815,199.735,182.75,250.26,981.475,,,,,,,888.4073,2467.2553,1939.3733,1589.1217,1745.4762,8629.6338,25,0,0,0
2003-12-01,136.8355,629.1161,408.871,362.8048,526.3532,2063.9806,270.9665,1009.5065,765.4923,428.8297,589.5806,3064.3756000000003,,,,,,,49.0594,79.8168,137.7729,174.631,205.3884,646.6685,154.5919,233.4484,224.7097,255.0871,226.1661,1094.0031999999999,,,,,,,958.8765,2370.889,1966.2662,1815.8584,1796.0708,8907.9609,25,0,0,0
2004-01-01,133.5645,624.2097,392.7887,381.6129,535.621,2067.7968,274.5761,1010.2284,744.5561,430.9955,561.9065,3022.2626,,,,,,,46.7716,76.0039,120.2335,184.2903,208.6929,635.9922,144.3968,254.2548,229.2871,264.0339,213.0581,1105.0307,,,,,,,916.8077,2381.9142,1892.6561,1840.0865,1750.1866,8781.6511,25,0,0,0
2004-02-01,138.9879,608.6914,408.2224,367.4293,516.0328,2039.3637999999999,268.3028,1017.9041,767.351,427.2779,553.5834,3034.4192,,,,,,,54.0731,87.7669,135.5903,185.0441,199.7172,662.1915999999999,140.1207,279.3517,235.7586,245.3224,259.7793,1160.3327,,,,,,,907.6703,2432.1721,1942.4131,1832.955,1762.0953,8877.305799999998,25,0,0,0
2004-03-01,115.029,519.8113,394.4242,375.6161,559.3355,1964.2161,222.1155,914.4516,705.5716,407.4123,588.3774,2837.9284,,,,,,,25.6735,87.4426,114.1329,158.871,207.1677,593.2877,177.6871,255.5032,191.0032,289.4177,208.2726,1121.8838,,,,,,,834.8463,2212.4623,1794.4281,1833.5924,1810.4706,8485.799700000001,25,0,0,0
2004-04-01,131.2567,613.47,428.1333,408.98,573.755,2155.5950000000003,244.4393,976.514,763.158,454.314,586.356,3024.7812999999996,,,,,,,55.948,95.348,121.6147,164.692,218.5387,656.1414,156.305,262.945,202.315,226.61,221.88,1070.055,,,,,,,916.3887,2417.4743,1918.2165,1868.9021,1893.2654,9014.247,25,0,0,0
2004-05-01,141.1968,605.9468,407.5081,372.0726,596.679,2123.4033,234.1477,973.169,658.1645,404.5245,566.2381,2836.2437999999997,,,,,,,49.8219,104.2194,110.32,182.7652,210.9806,658.1071,151.471,271.7323,204.1113,261.7452,225.9581,1115.0179,,,,,,,905.4444,2430.8084,1754.4545,1805.3679,1886.3746,8782.4498,25,0,0,0
2004-06-01,141.6783,624.1733,387.855,392.08,600.795,2146.5816,244.4393,981.736,652.5013,439.394,524.438,2842.5086,,,,,,,43.8653,105.0667,117.1493,192.7973,201.9907,660.8693000000001,138.89,218.225,199.95,233.92,210.27,1001.255,,,,,,,891.4053,2426.638,1753.2439,1923.8774,1781.5408,8776.7054,25,0,0,0
2004-07-01,133.5645,632.9323,414.3226,361.9871,577.0532,2119.8597,259.4155,1049.2129,716.6413,457.9477,591.9871,3075.2045,,,,,,,52.8723,108.0323,119.9794,175.6477,198.7794,655.3111,152.5113,246.7645,204.1113,209.9371,257.3758,1070.7,,,,,,,936.3915,2538.4235,1890.9499,1865.8132,1936.6519,9168.230000000001,25,0,0,0
2004-08-01,140.379,616.5774,420.3194,370.1645,574.3274,2121.7677,265.191,1037.6619,709.4219,467.0923,616.7735,3096.1406000000006,,,,,,,42.9587,105.9987,127.8594,162.9381,186.8323,626.5872,146.8935,255.7113,224.5016,192.0435,242.3952,1061.5450999999998,,,,,,,895.5316,2523.8032,1869.5006,1846.8304,1911.0252,9046.690999999999,25,0,0,0
2004-09-01,129.0033,608.6817,359.4067,320.8183,543.8983,1961.8082999999997,244.9367,1020.528,661.9507,384.19,588.3453,2899.9507,,,,,,,46.2293,94.56,170.996,131.3333,178.876,621.9946,130.935,240.37,201.025,194.36,270.685,1037.375,,,,,,,856.4287,2483.849,1817.218,1632.4825,1858.4618,8648.44,25,0,0,0
2004-10-01,135.2,625.0274,346.45,319.7371,569.9661,1996.3806,251.9555,1074.9619,691.8548,318.3735,620.3832,2957.5289000000002,,,,,,,48.2968,100.4065,103.4568,110.0658,190.8994,553.1253,145.021,246.5565,191.6274,196.4129,242.6032,1022.221,,,,,,,888.2784,2555.201,1751.5295,1453.1863,1902.2388,8550.434000000001,25,0,0,0
2004-11-01,124.4967,617.1317,360.815,316.5933,580.2333,1999.27,240.212,1039.924,686.32,318.2933,635.3433,2920.0926,,,,,,,54.372,95.348,111.6333,125.8173,193.06,580.2306,146.63,186.19,194.36,223.6,175.87,926.6500000000001,,,,,,,799.2168,2402.6143,1742.1617,1517.3699,1861.7404,8323.1031,25,0,0,0
2004-12-01,140.1065,649.2871,390.8806,334.4565,590.9548,2105.6855,264.9503,1092.0477,745.7594,437.7335,616.5329,3157.0238,,,,,,,54.6516,84.1381,119.471,116.1665,188.6116,563.0388,140.2355,245.7242,233.0323,226.9984,219.7161,1065.7065,,,,,,,872.8048,2496.2403,1915.3241,1773.8963,1922.2521,8980.517600000001,25,0,0,0
2005-01-01,134.9274,655.0113,423.8629,367.7113,547.6145,2129.1274,244.9768,1092.2884,751.0535,457.9477,590.5432,3136.8096,,,,,,,55.4142,85.6632,102.44,155.8206,172.3432,571.6812,138.779,259.2484,250.7177,258.2081,240.7306,1147.6838,,,,,,,781.656,2510.3813,1927.9987,1925.0097,1797.7792,8942.8249,25,0,0,0
2005-02-01,138.2179,649.7446,385.3804,329.8518,510.9232,2014.1179,258.7021,1087.0286,705.7693,449.7314,561.8979,3063.1293,,,,,,,40.8071,90.0571,104.1286,146.0614,166.8871,547.9413000000001,159.6375,248.7857,219.9911,196.0339,199.7196,1024.1678,,,,,,,804.1064,2500.9911,1802.3759,1793.3341,1705.8628,8606.670300000002,25,0,0,0
2005-03-01,133.2919,618.4855,357.6258,357.6258,483.2855,1950.3145,261.3406,1051.86,734.2084,423.5355,598.7252,3069.6697,,,,,,,38.6374,92.0181,122.7755,156.8374,185.8155,596.0839000000001,141.9,272.3565,219.5081,205.3597,188.0903,1027.2146,,,,,,,806.8005,2472.7519,1847.0764,1796.376,1767.5152,8690.52,25,0,0,0
2005-04-01,134.6367,607.555,397.4317,349.2667,496.2967,1985.1868,278.7553,1000.8833,720.1387,467.742,565.9653,3033.4846,,,,,,,43.34,79.3253,131.3333,176.2493,178.3507,608.5986,141.04,239.08,211.13,185.545,198.445,975.24,,,,,,,887.1582,2402.3667,1864.8208,1857.5457,1713.9512,8725.8426,25,0,0,0
2005-05-01,80.1387,634.0226,324.9161,351.629,493.0984,1883.8048000000001,197.0884,1056.9135,623.5116,440.8619,536.1574,2854.5328000000004,,,,,,,23.1316,100.1523,115.4039,187.0865,182.511,608.2853,129,217.2194,176.2306,240.5226,209.729,972.7016000000001,,,,,,,658.3511,2491.4468,1594.0723,1886.5445,1744.3291,8374.7438,25,0,0,0
2005-06-01,65.065,623.61,339.1267,318.565,498.55,1844.9167,161.882,1051.6113,617.9367,425.966,546.818,2804.214,,,,,,,21.0133,94.2973,115.836,155.4987,185.18,571.8253,124.915,205.97,190.275,201.24,235.21,957.61,,,,,,,588.3575,2461.559,1658.2901,1747.0789,1761.8692,8217.1547,25,0,0,0
2005-07-01,72.5065,604.8565,385.7016,254.5903,530.7145,1848.3694,190.8316,1056.9135,707.2561,386.4761,646.3729,2987.8502,,,,,,,24.1484,101.6774,126.08,145.3987,182.0026,579.3071,148.9742,211.1855,194.5403,186.0097,226.5823,967.2920000000001,,,,,,,652.065,2471.0742,1842.689,1595.8073,1891.7441,8453.3796,25,0,0,0
2005-08-01,97.8565,643.5629,419.5016,278.0323,536.4387,1975.3920000000003,257.009,1132.4761,700.7587,418.4819,602.0942,3110.8199,,,,,,,34.8245,100.4065,147.6865,154.2955,192.1703,629.3833,170.821,221.3806,211.8097,197.0371,218.2597,1019.3081,,,,,,,790.6016,2611.7648,1880.2253,1782.8882,1874.9036,8940.3835,25,0,0,0
2005-09-01,132.9467,654.875,377.1517,343.3517,587.8383,2096.1634,256.3753,1115.0213,687.5633,427.9553,604.5087,3091.4239,,,,,,,44.128,103.228,116.8867,168.8947,187.8067,620.9441,159.745,221.88,196.94,208.98,186.835,974.3800000000001,,,,,,,796.9683,2593.3177,1772.8895,1830.9614,1823.6582,8817.795100000001,25,0,0,0
2005-10-01,140.1065,641.9274,334.4565,321.6452,558.2452,1996.3808,286.6084,1064.8548,613.4045,396.3426,585.4897,2946.7000000000003,,,,,,,44.4839,89.2219,103.9652,158.871,184.0361,580.5781000000001,139.1952,247.5968,172.2774,277.7661,202.2387,1039.0742,,,,,,,824.2082,2544.6552,1576.7666,1730.6854,1780.2066,8456.522,25,0,0,0
2005-11-01,135.7633,648.115,387.2917,327.5783,509.535,2008.2833000000003,255.3807,1118.254,739.286,435.1667,588.0967,3136.1840999999995,,,,,,,40.4507,85.892,126.868,172.0467,189.3827,614.6401,119.54,235.855,206.185,244.025,186.835,992.4399999999999,,,,,,,741.0057,2575.981,1866.332,1831.7357,1728.5788,8743.6332,25,0,0,0
2005-12-01,140.9242,659.3726,432.8581,368.8016,539.4371,2141.3936,279.8703,1130.0697,749.1284,452.6535,606.6665,3218.3884,,,,,,,41.4335,82.6129,124.3006,154.8039,191.6619,594.8127999999999,133.1613,248.6371,256.7516,218.6758,196.621,1053.8468,,,,,,,809.46,2562.8706,1949.6917,1828.0973,1795.5826,8945.7022,25,0,0,0
2006-01-01,141.4694,625.0274,409.1435,317.2839,501.821,1994.7451999999998,285.1645,1047.0471,714.7161,366.2619,548.1897,2961.3793,,,,,,,41.4335,95.831,121.7587,150.7368,203.3548,613.1148000000001,147.1016,244.8919,252.3823,208.4806,233.8645,1086.7209,,,,,,,791.0852,2419.5435,1862.6759,1649.259,1758.7289,8481.2925,25,0,0,0
2006-02-01,127.9571,631.3357,365.1607,317.1768,485.5732,1927.2035,293.8707,1103.5471,653.8157,400.975,503.0171,2955.2255999999998,,,,,,,41.37,102.44,104.9729,179.5514,202.6286,630.9629,133.1464,238.4196,199.0286,239.8018,221.6036,1032,,,,,,,792.5963,2485.6004,1684.988,1812.4151,1698.567,8474.166799999999,25,0,0,0
2006-03-01,129.2032,555.7919,378.6145,351.3565,433.1306,1848.0967,260.3781,933.4626,669.2342,418.4819,452.8942,2734.4510000000005,,,,,,,39.4,80.3252,110.8284,162.9381,245.551,639.0427,124.8387,255.0871,200.7823,191.0032,188.5065,960.2177999999999,,,,,,,775.8534,2257.2819,1719.5994,1778.642,1594.7175,8126.0942,25,0,0,0
2006-04-01,147.875,601.3583,381.94,285.3283,457.7083,1874.2099,275.7713,1043.4053,649.5173,339.9273,536.1253,2844.7464999999997,,,,,,,42.8147,98.7627,106.6427,147.6187,199.6267,595.4655,138.46,266.815,189.845,242.735,191.78,1029.635,,,,,,,799.2168,2490.2883,1693.0477,1623.1909,1650.9012,8256.644900000001,25,0,0,0
2006-05-01,128.1129,643.5629,389.2452,311.2871,540.5274,2012.7355,292.3839,1094.9355,617.4955,363.6148,550.5961,2919.0258000000003,,,,,,,45.7548,99.3897,118.9626,153.2787,246.5677,663.9535000000001,151.679,251.3419,189.7548,201.4065,239.0661,1033.2483,,,,,,,837.9894,2595.9461,1682.5506,1651.2572,1838.538,8606.2813,25,0,0,0
2006-06-01,124.4967,632.905,395.46,314.6217,508.4083,1975.8917,271.7927,1066.5313,657.972,406.0727,560.7433,2963.112,,,,,,,34.1467,97.712,125.292,143.9413,219.3267,620.4187000000001,136.74,242.95,201.025,255.42,209.41,1045.545,,,,,,,819.953,2533.3823,1750.7252,1782.4386,1783.054,8669.553100000001,25,0,0,0
2006-07-01,115.3016,634.0226,414.8677,303.9274,492.2806,1960.3999000000001,258.6935,1088.9194,697.6303,373.2406,563.591,2982.0748,,,,,,,32.2826,102.44,138.0271,160.1419,198.271,631.1625999999999,130.0403,243.0194,194.1242,263.6177,202.6548,1033.4564,,,,,,,730.1581,2559.9945,1808.5652,1727.4383,1747.0138,8573.1699,25,0,0,0
2006-08-01,127.0226,646.5613,423.8629,336.0919,508.0903,2041.6290000000001,274.8168,1102.6361,739.0213,415.5942,585.249,3117.3174,,,,,,,41.9419,101.4232,139.8065,164.9716,223.9445,672.0877,140.4435,248.0129,219.5081,199.3258,211.6016,1018.8919,,,,,,,867.9694,2601.4587,1886.0751,1766.4031,1810.7146,8932.6209,25,0,0,0
2006-09-01,114.92,617.4133,414.6133,323.635,521.6467,1992.2283,263.0893,1018.29,760.92,428.204,532.8927,3003.396,,,,,,,39.6627,96.924,142.628,178.088,195.1613,652.4639999999999,125.99,208.335,212.42,178.02,232.2,956.9649999999999,,,,,,,762.4913,2399.6423,1921.7427,1734.9482,1740.4322,8559.2567,25,0,0,0
2006-10-01,130.2935,638.3839,404.7823,338.5452,506.7274,2018.7323000000001,265.6723,1007.5813,720.7323,456.9852,446.8781,2897.8492,,,,,,,41.4335,93.5432,116.929,146.1613,168.2761,566.3431,117.7645,194.9565,225.9581,176.4387,239.4823,954.6001000000001,,,,,,,765.2153,2368.4923,1842.9328,1647.011,1559.8163,8183.467700000001,25,0,0,0
2006-11-01,93.795,654.875,426.4433,325.0433,499.9583,2000.1149,146.216,1125.4653,753.2113,466.0013,515.2373,3006.1312,,,,,,,32.5707,89.044,134.4853,138.4253,189.908,584.4333,51.17,257.14,210.27,192.425,212.635,923.6400000000001,,,,,,,396.9852,2616.103,1899.8303,1749.6599,1680.6608,8343.2392,25,0,0,0
2006-12-01,107.9419,641.6548,424.6806,316.4661,507.5452,1998.2886000000003,217.5432,1092.2884,779.4497,393.9361,598.4845,3081.7019,,,,,,,29.9948,87.1884,129.1303,161.9213,201.8297,610.0645,112.979,250.7177,223.4613,230.7435,220.3403,1038.2418,,,,,,,628.8547,2496.48,1950.1792,1737.6791,1799.4877,8612.6807,25,0,0,0
2007-01-01,98.4016,624.7548,426.8613,137.9258,507.8177,1795.7612000000001,247.6239,1044.4,743.1123,309.4697,555.8903,2900.4962,,,,,,,40.4168,88.9677,141.5858,167.2594,201.3213,639.5509999999999,164.9952,267.1548,248.221,287.7532,221.5887,1189.7129,,,,,,,742.4885,2421.9403,1923.6114,1246.1235,1726.0243,8060.188,25,0,0,0
2007-02-01,114.6786,607.7964,359.4268,133.3893,435.4768,1650.7678999999998,287.4764,1067.3129,732.4121,346.89,474.5093,2908.6007,,,,,,,41.0886,97.6557,123.5471,154.2229,188.2757,604.7900000000001,152.2661,269.9786,212.3893,211.0071,225.2893,1070.9304,,,,,,,827.3945,2495.9493,1808.5826,1165.8746,1566.162,7863.963000000001,25,0,0,0
2007-03-01,119.3903,560.6984,325.4613,163.821,458.4806,1627.8516,243.7735,1016.7258,647.0948,320.0581,509.6865,2737.3387000000002,,,,,,,24.4026,101.6774,110.8284,162.6839,184.7987,584.3910000000001,101.7435,275.6855,189.9629,143.9806,180.3919,891.7643999999999,,,,,,,767.6331,2409.2374,1622.1026,1092.5123,1565.6739,7457.1593,25,0,0,0
2007-04-01,102.245,567.5583,362.7867,182.2383,509.2533,1724.0816000000002,219.8213,1004.6133,633.8513,377.476,555.77,2791.5319,,,,,,,22.064,90.62,131.596,157.6,198.8387,600.7187,59.34,233.705,185.33,194.575,218.87,891.82,,,,,,,620.0863,2374.628,1624.2881,1222.1035,1737.658,7578.7639,25,0,0,0
2007-05-01,111.7581,569.6935,437.7645,165.1839,499.6403,1784.0403000000001,211.5271,991.9394,775.5994,396.8239,544.0987,2919.9885,,,,,,,32.791,94.8142,147.4323,145.9071,200.0503,620.9949,91.9645,256.9597,214.0984,165.2032,220.1323,948.3581,,,,,,,662.9448,2358.1861,1950.423,1204.6609,1710.8923,7887.107099999999,25,0,0,0
2007-06-01,112.385,635.7217,382.2217,169,561.3617,1860.6901000000003,227.0327,1046.3893,650.2633,369.5187,576.1607,2869.3647,,,,,,,41.5013,108.744,120.564,138.9507,195.424,605.184,111.8,235.855,170.495,156.305,179.955,854.41,,,,,,,737.0083,2514.0643,1684.4843,1121.1864,1780.2798,7837.0231,25,0,0,0
2007-07-01,133.2919,614.9419,444.579,179.0855,511.9065,1883.8048,251.4742,1052.8226,738.2994,420.1665,565.7568,3028.5195,,,,,,,39.4,117.9458,142.8568,164.4632,197.5084,662.1741999999999,110.8984,241.1468,202.4468,143.9806,195.7887,894.2612999999999,,,,,,,790.6016,2522.3652,1900.2121,1258.8619,1694.2959,8166.3367,25,0,0,0
2007-08-01,116.1194,610.5806,405.6,152.3726,515.1774,1799.8500000000001,295.7529,993.6239,745.2781,450.4877,570.5697,3055.7123,,,,,,,43.7213,116.1665,116.929,178.1897,216.3187,671.3252,154.1758,156.2565,205.1516,136.9065,197.2452,849.7356,,,,,,,869.6618,2340.9294,1845.1265,1292.5815,1781.915,8130.2142,25,0,0,0
2007-09-01,115.4833,623.61,383.63,185.055,531.2233,1839.0016,269.306,1053.1033,705.4673,465.2553,566.4627,3059.5946,,,,,,,46.2293,108.2187,111.6333,158.9133,185.968,610.9626,143.19,238.435,188.125,145.34,226.61,941.7,,,,,,,817.2048,2519.0177,1777.9268,1322.7625,1728.5788,8165.4906,25,0,0,0
2007-10-01,124.8419,618.7581,370.9823,160.0048,495.5516,1770.1387,297.9187,1034.2929,644.929,437.7335,501.0232,2915.8972999999996,,,,,,,49.5677,88.9677,103.2026,141.3316,215.3019,598.3715,161.8742,243.2274,194.5403,136.0742,234.0726,969.7887,,,,,,,887.3113,2458.8506,1675.7258,1218.3985,1682.8248,7923.111000000001,25,0,0,0
2007-11-01,132.9467,643.3267,392.6433,185.055,465.3133,1819.285,311.5793,1050.1193,757.19,395.38,540.3527,3054.6213000000002,,,,,,,37.5613,85.3667,103.228,124.7667,184.392,535.3147,157.165,223.815,197.585,125.99,185.33,889.8850000000001,,,,,,,853.1808,2461.559,1837.8711,1157.0623,1610.0448,7919.718000000001,25,0,0,0
2007-12-01,120.7532,620.3935,387.3371,148.2839,427.1339,1703.9016,288.5335,1072.5555,758.5135,475.2742,509.9271,3104.8037999999997,,,,,,,43.7213,90.4929,102.44,121.7587,199.5419,557.9548,160.2097,257.7919,216.8032,175.1903,219.7161,1029.7112,,,,,,,853.7047,2489.05,1828.552,1291.0828,1608.6292,8071.0187000000005,25,0,0,0
2008-01-01,99.7645,617.6677,394.6968,151.2823,430.4048,1693.8161,291.1806,1060.5232,790.5194,463.4826,488.991,3094.6968,,,,,,,40.9252,97.3561,115.6581,134.2142,200.8129,588.9665,138.571,233.8645,239.4823,156.2565,230.9516,999.1258999999999,,,,,,,795.1953,2449.5032,1920.4427,1275.8466,1605.7005,8046.6883,25,0,0,0
2008-02-01,92.95,593.831,358.6879,147.7293,453.3862,1646.5844,275.5055,1021.5055,724.3917,423.9338,467.1503,2912.4868000000006,,,,,,,41.3021,95.6469,90.2124,145.9159,195.3697,568.447,124.7741,226.8621,218.8552,129,203.2862,902.7776,,,,,,,781.2891,2406.2952,1780.6105,1217.52,1572.4235,7758.1383,25,0,0,0
2008-03-01,89.679,624.2097,339.9081,136.5629,474.0177,1664.3773999999999,243.0516,1068.9458,657.9239,422.8135,507.5206,2900.2554,,,,,,,43.7213,105.7445,103.9652,150.2284,210.9806,614.64,128.7919,239.4823,211.1855,141.9,208.0645,929.4241999999999,,,,,,,765.2153,2540.341,1692.0565,1215.4012,1626.69,7839.704,25,0,0,0
2008-04-01,116.61,605.3017,375.7433,155.7617,486.4383,1739.855,274.7767,1024.258,745.254,442.8753,531.898,3019.0620000000004,,,,,,,46.7547,100.3387,132.384,151.296,209.608,640.3814,124.915,230.695,197.37,149.21,210.485,912.6750000000001,,,,,,,820.9523,2424.409,1852.7312,1277.3369,1669.8162,8045.2456,25,0,0,0
2008-05-01,93.7677,547.8871,358.171,196.8032,452.4839,1649.1129,255.8058,959.4523,730.5987,430.7548,524.3658,2900.9774,,,,,,,34.0619,98.3729,134.7226,144.6361,187.849,599.6424999999999,93.2129,205.3597,196.621,189.1306,204.7355,889.0597,,,,,,,717.344,2310.011,1824.1646,1293.081,1582.7584,7727.3589999999995,25,0,0,0
2008-06-01,99.71,555.165,387.855,193.505,505.5917,1741.8267,226.784,1010.83,787.776,446.6053,600.7787,3072.774,,,,,,,42.552,101.652,126.08,134.4853,209.608,614.3773,89.44,217.795,184.255,148.995,230.05,870.5350000000001,,,,,,,691.5387,2388.9927,1910.1568,1244.8163,1796.925,8032.429499999999,25,0,0,0
2008-07-01,85.3177,562.0613,397.4226,148.0113,483.2855,1676.0983999999999,247.6239,1044.8813,753.7006,427.3858,566.2381,3039.8297000000002,,,,,,,37.6206,113.3703,129.8929,140.0606,217.3355,638.2799,98.6226,207.0242,186.8419,142.1081,157.7129,792.3097,,,,,,,720.0035,2435.3623,1898.0185,1213.9026,1650.8524,7918.139299999999,25,0,0,0
2008-08-01,89.9516,568.8758,415.9581,152.3726,488.7371,1715.8952,278.9077,1015.0413,775.1181,419.2039,555.409,3043.6800000000003,,,,,,,40.671,115.1497,144.6361,163.1923,228.0116,691.6606999999999,113.1871,184.1371,221.1726,120.8855,186.2177,825.6,,,,,,,813.0866,2364.4177,1963.585,1246.8728,1711.8685,8099.830599999999,25,0,0,0
2008-09-01,98.02,512.915,404.755,208.715,464.75,1689.155,253.1427,913.3527,775.094,423.2307,596.8,2961.6201,,,,,,,49.644,109.7947,140.264,170.996,218.5387,689.2374,121.26,129.43,202.53,168.345,190.275,811.84,,,,,,,755.9957,2138.354,1951.2111,1348.3144,1714.96,7908.8351999999995,25,0,0,0
2008-10-01,78.5032,589.8645,417.5935,138.471,460.9339,1685.3661,248.5865,1023.9452,801.8297,338.1065,562.6284,2975.0962999999997,,,,,,,40.1626,100.4065,119.471,98.1187,209.7097,567.8685,195.5806,226.1661,189.1306,154.1758,167.7,932.7530999999999,,,,,,,803.4156,2437.2797,1952.1292,1008.5882,1592.2769,7793.689600000001,25,0,0,0
2008-11-01,105.625,632.905,405.6,161.395,451.5117,1757.0367,282.9827,1050.368,759.1793,355.842,551.294,2999.6659999999997,,,,,,,34.9347,100.6013,125.5547,111.6333,187.8067,560.5307,94.6,207.045,188.555,149.425,157.165,796.79,,,,,,,727.5147,2449.671,1842.4047,1072.4055,1526.3144,7618.3103,25,0,0,0
2008-12-01,77.6855,605.4016,399.6032,182.9016,499.6403,1765.2322000000001,291.9026,1033.8116,744.3155,451.9316,593.431,3115.3923,,,,,,,42.4503,91.5097,98.1187,128.3677,215.5561,576.0024999999999,112.5629,233.6565,175.3984,178.1032,157.0887,856.8097,,,,,,,709.3655,2343.0865,1737.3925,1267.604,1689.6586,7747.107099999999,25,0,0,0
2009-01-01,76.5952,589.0468,349.9935,191.079,495.8242,1702.5386999999998,268.8006,962.8213,650.7045,429.5516,545.7832,2857.6611999999996,37.8748,80.071,89.9845,100.1523,124.0465,432.12909999999994,40.1626,80.071,89.9845,119.7252,214.031,543.9743000000001,104.4484,222.629,198.4935,187.05,179.7677,892.3886000000001,30.1452,183.7419,102.2065,219.9161,36.4613,572.471,668,2278,1593,1269,1730,7538,35,0,0,0
2009-02-01,84.1982,585.4643,360.9357,167.7929,469.8804,1668.2714999999998,271.7571,1029.48,776.9057,442.5379,526.4629,3047.1436,39.1186,84.4286,97.6557,111.7271,104.9729,437.9029,39.4,84.4286,97.6557,121.0143,213.3229,555.8215,100.4357,203.8661,191.1964,183.3643,195.3429,874.2053999999999,20.6607,206.6071,142.4,249.5179,75.3321,694.5178,697,2374,1832,1308,1732,7943,35,0,0,0
2009-03-01,67.8726,553.3387,354.0823,168.7274,457.3903,1601.4113,239.6826,1024.9077,705.5716,443.9903,535.9168,2950.069,37.8748,88.2052,98.3729,95.5768,115.9123,435.942,38.6374,88.2052,100.1523,104.7277,190.1368,521.8594,96.5419,196.621,169.9887,130.6645,161.6661,755.4822,32.729,219.0548,128.6194,246.6161,53.1129,680.1321999999999,669,2390,1714,1251,1649,7673,35,0,0,0
2009-04-01,77.1767,568.685,373.49,159.705,463.905,1642.9616999999998,261.846,1044.8973,705.9647,458.2927,482.662,2953.6627,32.0453,103.4907,121.6147,110.0573,119.2507,486.4587,32.5707,103.4907,122.928,111.896,178.088,548.9734,105.35,196.725,153.08,134.59,125.99,715.735,39.16,208.8533,99.9767,202.92,22.25,573.16,710,2474,1726,1228,1508,7646,35,0,0,0
2009-05-01,79.321,563.9694,425.2258,187.8081,473.2,1729.5243,261.5813,978.9445,758.7542,438.6961,493.5632,2931.5393,29.2323,102.44,131.1639,116.1665,138.5355,517.5382,30.249,102.44,131.1639,124.0465,176.1561,564.0554999999999,115.8919,145.021,193.0839,158.129,141.0677,753.1935000000001,20.671,193.7903,115.4129,224.7968,20.9581,575.6290999999999,721,2331,1901,1284,1553,7790,35,0,0,0
2009-06-01,79.7117,570.6567,416.585,194.6317,471.7917,1733.3767999999998,248.9153,981.9847,707.4567,360.5667,515.9833,2814.9067,39.6627,107.168,124.7667,95.8733,156.2867,523.7574,39.9253,107.168,125.8173,95.8733,188.5947,557.3786,90.945,169.85,160.175,117.175,156.95,695.095,21.36,196.9867,105.3167,188.3833,31.7433,543.79,695,2407,1805,1093,1619,7619,35,0,0,0
2009-07-01,55.879,569.421,411.5968,168.7274,478.6516,1684.2758,207.6768,964.2652,704.3684,384.0697,520.7561,2781.1362,43.9755,115.6581,130.6555,134.7226,171.0723,596.084,43.9755,115.6581,130.9097,145.3987,198.271,634.213,45.15,168.9484,147.9339,120.4694,164.371,646.8727,14.3548,197.5226,113.6903,217.6194,25.2645,568.4516,580,2385,1796,1183,1660,7604,35,0,0,0
2009-08-01,88.0435,556.8823,377.5242,158.9145,488.7371,1670.1016000000002,234.629,953.1955,648.7794,436.5303,518.831,2791.9652,45.5006,116.1665,117.1832,114.6413,159.1252,552.6168,46.7716,116.1665,120.9961,121.2503,189.8826,595.0671,89.4677,181.4323,165.4113,133.7855,135.0339,705.1307,30.1452,196.0871,98.1871,235.9935,21.8194,582.2323,697,2369,1677,1239,1633,7615,35,0,0,0
2009-09-01,101.1183,551.5033,358.8433,171.8167,486.72,1670.0016,218.8267,961.0967,615.9473,418.506,503.3013,2717.6780000000003,58.0493,99.8133,109.0067,163.904,135.536,566.3092999999999,59.888,100.076,111.6333,169.1573,195.1613,635.9159,97.825,173.72,162.97,165.335,138.245,738.095,23.7333,183.6367,88.7033,288.6567,86.0333,670.7633000000001,693,2323,1575,1379,1657,7627,35,0,0,0
2009-10-01,121.571,542.1629,329.55,141.7419,430.95,1565.9758000000002,216.34,897.6065,623.271,417.2787,457.4665,2611.9627,58.7187,102.6942,78.8,110.5742,104.7277,455.51480000000004,60.7523,102.6942,79.3084,123.0297,169.2929,535.0775,90.9242,145.6452,146.2694,154.8,126.5032,664.1419999999999,23.5419,182.5935,114.8387,248.3387,30.1452,599.4580000000001,704,2219,1520,1214,1452,7109,35,0,0,0
2009-11-01,127.0317,543.8983,318.2833,143.65,450.6667,1583.53,226.038,939.214,618.1853,403.586,483.9053,2670.9285999999997,62.7773,94.2973,87.2053,139.7387,121.0893,505.1079,65.1413,94.2973,87.9933,141.84,184.9173,574.1892,93.31,128.14,150.715,143.835,124.485,640.485,24.92,178.2967,118.37,236.74,17.2067,575.5334,735,2194,1521,1181,1500,7131,35,0,0,0
2009-12-01,105.2161,526.0806,323.8258,134.9274,498.8226,1588.8725,249.0677,900.7348,610.9981,415.5942,498.6168,2675.0116,50.8387,93.7974,103.711,138.7897,112.0994,499.2362,53.3806,94.0516,106.2529,149.9742,201.5755,605.2348,102.5758,138.571,171.8613,174.3581,141.9,729.2662,27.5613,184.3161,115.4129,241.7355,30.7194,599.7452,735,2116,1524,1243,1639,7257,35,0,0,0
2010-01-01,94.8581,512.9968,312.1048,155.0984,428.2242,1503.2823000000003,298.8813,913.7297,556.131,411.7439,448.5626,2629.0485,52.6181,103.4568,101.6774,155.5665,97.8645,511.18330000000003,55.16,103.4568,103.711,161.1587,190.6452,614.1317,110.8984,141.0677,169.5726,186.2177,119.429,727.1854,32.729,195.5129,114.2645,215.0355,43.9258,601.4676999999999,823,2122,1439,1245,1439,7068,35,0,0,0
2010-02-01,89.6304,464.4482,312.65,184.3911,450.2643,1501.384,274.4214,889.0721,575.2193,408.1686,435.6107,2582.4921000000004,52.0643,101.8771,85.5543,152.2529,100.47,492.21860000000004,54.8786,101.8771,88.3686,160.6957,193.3414,599.1614,113.7964,134.9893,159.1768,199.4893,131.7643,739.2160999999999,41.0036,192.6214,123.6464,201.2036,76.2857,634.7606999999999,798,2058,1474,1268,1521,7119,35,0,0,0
2010-03-01,82.8645,413.5048,331.1855,184.5371,442.9435,1455.0354,224.7626,832.3916,650.7045,468.0548,483.2155,2659.129,42.1961,109.5574,88.9677,117.1832,115.4039,473.30830000000003,44.4839,109.5574,90.4929,122.7755,182.7652,550.0749000000001,81.3532,157.2968,164.9952,192.0435,138.571,734.2597,33.0161,188.9097,138.9548,199.2452,32.4419,592.5677000000001,676,1987,1610,1302,1545,7120,35,0,0,0
2010-04-01,73.515,472.0733,343.07,187.0267,443.0617,1518.7467,222.308,905.8927,665.1833,438.8967,471.9693,2704.25,33.6213,88.5187,110.0573,145.5173,114.26,491.9746,34.9347,88.5187,113.9973,148.932,164.1667,550.5494,79.55,144.91,175.01,174.15,118.895,692.515,37.0833,191.9433,130.83,193.13,24.03,577.0165999999999,649,2138,1691,1284,1497,7259,35,0,0,0
2010-05-01,73.5968,490.9177,346.9952,189.7161,453.8468,1555.0726000000002,217.3026,886.5368,650.9452,424.9794,490.6755,2670.4395,32.791,103.4568,98.6271,144.1277,124.809,503.8116,34.0619,103.4568,100.9148,144.1277,169.8013,552.3625,77.6081,138.3629,175.6065,154.8,129.2081,675.5856000000001,33.8774,194.3645,113.6903,175.7032,34.7387,552.3741,626,2172,1635,1236,1568,7237,35,0,0,0
2010-06-01,76.895,502.2117,340.2533,187.0267,511.225,1617.6117,249.6613,934.738,625.3967,445.6107,565.7167,2821.1234,36.5107,111.3707,110.8453,151.8213,162.5907,573.1387,37.5613,111.6333,112.1587,165.7427,185.18,612.2760000000001,88.795,126.85,174.15,181.89,136.095,707.78,35.6,208.8533,98.79,182.7467,25.5133,551.5033,689,2260,1596,1321,1687,7553,35,0,0,0
2010-07-01,68.6903,508.6355,355.9903,206.6161,466.6581,1606.5902999999998,239.2013,929.8529,654.7955,455.7819,525.3284,2804.96,36.3497,109.5574,117.4374,144.3819,149.72,557.4464,37.1123,109.5574,119.9794,149.4658,180.9858,597.1007,81.9774,127.5435,176.6468,174.3581,136.2823,696.8081,34.7387,190.3452,121.1548,164.5065,32.729,543.4742,660,2241,1679,1307,1611,7498,35,0,0,0
2010-08-01,86.4081,509.9984,351.3565,198.1661,461.2065,1607.1356,237.0355,936.8316,684.1542,450.7284,512.5742,2821.3239,42.7045,111.591,117.4374,139.2981,158.1084,569.1393999999999,43.4671,111.8452,120.2335,142.3484,196.2374,614.1315999999999,93.8371,141.9,186.0097,170.821,127.7516,720.3194000000001,37.0355,200.1065,122.0161,129.4806,28.4226,517.0613,712,2265,1706,1237,1606,7526,35,0,0,0
2010-09-01,87.88,533.4767,346.45,169.2817,467.5667,1604.6551000000002,262.8407,944.1873,692.0393,421.9873,527.422,2848.4766000000004,52.008,104.5413,110.8453,140.0013,132.9093,540.3052,52.796,104.804,113.2093,151.5587,177.5627,599.9307,98.47,140.18,176.515,156.09,145.77,717.025,36.49,182.45,137.95,144.18,25.5133,526.5833,744,2275,1734,1184,1599,7536,35,0,0,0
2010-10-01,94.3129,541.8903,185.3548,163.5484,488.7371,1473.8435,277.2232,938.5161,311.3948,436.5303,514.0181,2477.6825,50.5845,103.711,24.911,122.2671,112.8619,414.3355,51.3471,103.9652,26.1819,130.9097,169.8013,482.2052,106.7371,126.0871,80.3129,130.8726,136.9065,580.9162000000001,42.7774,176.8516,55.9839,161.3484,28.1355,465.0967999999999,763,2230,793,1170,1618,6574,35,0,0,0
2010-11-01,85.6267,539.6733,249.275,136.045,478.8333,1489.4533000000001,290.194,969.054,648.274,432.9287,510.264,2850.7147,47.0173,108.744,77.224,99.8133,99.0253,431.8239,48.068,109.0067,79.588,107.6933,174.6733,519.0293,112.875,140.395,129.43,178.235,138.245,699.1800000000001,39.7533,210.93,161.98,223.39,38.5667,674.62,772,2295,1463,1204,1628,7362,35,0,0,0
2010-12-01,78.5032,498.2774,336.3645,128.1129,433.4032,1474.6612,268.8006,936.1097,682.4697,430.7548,501.7452,2819.88,46.009,106.7613,85.9174,117.4374,99.6439,455.769,47.5342,107.0155,85.9174,119.471,178.9523,538.8904,111.1065,163.9548,182.6806,181.6403,128.3758,767.758,33.5903,213.3129,157.329,218.4806,46.7968,669.5096,715,2190,1641,1215,1572,7333,35,0,0,0
2011-01-01,79.321,508.3629,343.4516,137.9258,467.7484,1536.8097,270.0039,948.6232,674.5284,456.9852,553.9652,2904.1059,39.1458,104.4735,91.0013,136.5019,112.3535,483.47600000000006,40.671,104.7277,91.0013,147.4323,191.1535,574.9857999999999,120.8855,149.1823,175.6065,150.2226,134.4097,730.3065999999999,41.3419,222.5,161.3484,224.5097,53.6871,703.3871,739,2195,1642,1255,1701,7532,35,0,0,0
2011-02-01,75.7482,512.4321,309.3304,133.9929,421.5946,1453.0982,242.9829,928.2371,646.8886,435.8771,499.82,2753.8057000000003,45.8729,95.6857,99.6257,156.1929,104.6914,502.0686,47.5614,95.9671,99.6257,168.2943,169.9829,581.4313999999999,122.7804,146.9679,154.1089,241.6446,160.3286,825.8304,43.2286,201.2036,146.85,232.3536,74.6964,698.3322000000001,728,2168,1572,1358,1594,7420,35,0,0,0
2011-03-01,63.2387,453.5742,273.9435,128.1129,391.4258,1310.2950999999998,266.8755,814.3432,577.0671,458.6697,467.5735,2584.529,48.0426,104.2194,92.0181,163.9548,116.929,525.1639,49.8219,104.2194,92.0181,167.5135,177.6813,591.2542,115.6839,152.5113,152.0952,157.7129,159.1694,737.1727,35.8871,189.4839,122.5903,240.5871,49.3806,637.929,703,2001,1423,1292,1508,6927,35,0,0,0
2011-04-01,65.3467,491.2267,258.2883,125.06,480.805,1420.7267,238.2227,853.1753,553.2833,354.35,534.3847,2533.416,47.28,101.652,92.196,134.748,140.264,516.14,48.856,101.9147,92.196,136.324,194.8987,574.1894,98.9,129.645,162.325,108.575,153.51,652.9549999999999,40.94,171.77,122.2267,160.4967,38.5667,534.0001,653,2089,1392,1008,1720,6862,35,0,0,0
2011-05-01,70.871,489.2823,300.1113,152.3726,457.9355,1470.5727000000002,218.0245,862.4723,615.811,427.6265,536.8794,2660.8136999999997,43.9755,111.3368,100.9148,157.6,158.3626,572.1896999999999,45.7548,111.3368,100.9148,158.3626,183.2735,599.6424999999999,117.9726,118.1806,161.0419,148.7661,153.9677,699.9289,39.6194,183.4548,128.9065,192.3548,33.0161,577.3516000000001,644,2102,1550,1237,1666,7199,35,0,0,0
2011-06-01,67.6,480.2417,313.7767,146.4667,439.4,1447.4850999999999,223.8,840.4933,630.37,413.7813,504.0473,2612.4919000000004,48.856,110.5827,102.9653,168.632,159.176,590.212,49.9067,110.5827,103.7533,174.148,188.332,626.7227,137.815,124.7,156.52,140.395,158.24,717.67,34.71,174.7367,134.0933,191.9433,21.6567,557.14,686,2071,1581,1213,1634,7185,35,0,0,0
2011-07-01,58.8774,515.9952,321.1,165.4565,446.2145,1507.6435999999999,215.3774,955.8426,628.0839,424.7387,528.4568,2752.4993999999997,41.9419,121.2503,113.1161,179.969,174.3768,630.6541,42.7045,121.2503,113.3703,182.0026,207.9303,667.258,117.5565,140.0274,151.2629,141.0677,145.4371,695.3516,33.8774,179.4355,115.7,204.1258,37.3226,570.4612999999999,649,2287,1575,1267,1689,7467,35,0,0,0
2011-08-01,63.7839,509.9984,313.1952,170.6355,465.0226,1522.6356,262.7845,969.8,630.009,445.1935,534.7135,2842.5004999999996,39.4,112.6077,118.7084,180.2232,170.8181,621.7574,40.4168,112.6077,118.7084,183.7819,207.1677,662.6825,120.2613,132.121,179.3516,142.9403,145.8532,720.5274000000001,37.3226,183.7419,124.6,188.6226,26.7,560.9871,713,2274,1592,1279,1684,7542,35,0,0,0
2011-09-01,78.3033,483.9033,303.9183,163.93,472.6367,1502.6916,255.6293,899.1787,622.91,422.982,513.7453,2714.4453,33.6213,106.6427,107.168,156.5493,148.4067,552.388,34.1467,106.6427,107.168,164.9547,199.364,612.2761,102.77,133.945,163.185,158.24,113.52,671.66,40.94,195.2067,120.15,202.03,21.36,579.6867,714,2193,1553,1257,1604,7321,35,0,0,0
2011-10-01,80.9565,507.5452,290.571,180.1758,467.2032,1526.4517,217.7839,938.7568,629.0465,409.5781,500.7826,2695.9479,30.7574,107.7781,90.7471,128.6219,127.8594,485.7639,32.2826,107.7781,90.7471,143.6194,189.3742,563.8014,65.7484,166.8677,143.1484,104.4484,110.2742,590.4870999999999,37.8968,203.5516,115.7,172.5452,28.7097,558.4033,603,2269,1483,1177,1565,7097,35,0,0,0
2011-11-01,70.135,514.8867,302.7917,163.3667,458.835,1510.0151,179.786,953.1393,625.3967,359.572,494.8467,2612.7407000000003,27.3173,103.228,114.7853,121.8773,119.776,486.9839,29.944,103.228,114.7853,151.0333,184.392,583.3825999999999,60.845,118.465,144.05,148.995,110.295,582.65,32.3367,180.0767,120.15,185.4167,29.6667,547.6468,533,2203,1519,1162,1526,6943,35,0,0,0
2011-12-01,83.4097,524.4452,324.6435,172.271,468.8387,1573.6081000000001,239.2013,971.7252,688.7265,430.2735,499.5794,2829.5059,26.6903,105.9987,96.3394,134.7226,108.5406,472.29159999999996,27.9613,106.2529,96.3394,143.6194,181.7484,555.9214,78.2323,131.2887,169.7806,161.8742,134.4097,675.5854999999999,31.8677,182.3065,127.471,212.7387,24.6903,579.0742,616,2200,1608,1269,1568,7261,35,0,0,0
2012-01-01,83.1371,495.5516,289.7532,166.0016,466.3855,1500.8290000000002,252.6774,930.5748,568.4039,453.1348,543.6174,2748.4083,38.129,108.2865,97.3561,131.6723,137.5187,512.9626,39.9084,108.5406,97.3561,151.7535,187.0865,584.6451,102.9919,139.8194,158.129,178.5194,117.3484,696.8081,35.3129,195.2258,126.0355,204.7,24.6903,585.9645,669,2130,1404,1299,1611,7113,35,0,0,0
2012-02-01,72.8448,482.2328,245.05,215.3293,464.75,1480.2069000000001,246.6945,949.2207,518.5986,438.8538,530.4317,2683.7993,36.1393,98.3641,88.8538,150.8069,118.2,492.3641,39.4,98.3641,88.8538,159.5021,194.011,580.131,106.3138,157.6914,163.4741,179.4879,124.5517,731.5188999999999,31.3034,211.4517,130.1241,182.2966,50.6379,605.8136999999999,673,2183,1305,1322,1654,7137,35,0,0,0
2012-03-01,68.1452,456.3,259.2242,145.2855,418.9565,1347.9114,243.2923,879.0768,498.1355,431.2361,537.8419,2589.5826,38.3832,110.32,63.8026,120.9961,131.4181,464.91999999999996,40.4168,110.5742,63.8026,146.1613,181.4942,542.4491,103.8242,119.8452,147.7258,148.1419,150.8468,670.3839,35.0258,203.2645,103.3548,217.9065,37.8968,597.4484,660,2074,1215,1236,1598,6783,35,0,0,0
2012-04-01,78.585,471.7917,272.3717,145.6217,449.2583,1417.6284,260.6027,912.358,483.408,438.648,544.0827,2639.0994,38.3493,112.1587,61.464,141.84,154.9733,508.7853,39.6627,112.1587,61.464,158.9133,197.2627,569.4613999999999,113.95,139.32,135.235,143.405,150.5,682.41,35.6,211.5233,87.5167,221.9067,21.0633,577.61,725,2174,1188,1263,1638,6988,35,0,0,0
2012-05-01,67.8726,459.0258,279.3952,177.7226,430.6774,1414.6936,306.3413,894.7187,488.5097,446.1561,500.5419,2636.2677000000003,41.4335,111.0826,63.8026,168.5303,154.5497,539.3987,41.6877,111.3368,63.8026,180.4774,202.8465,600.151,113.8113,163.5387,147.5177,145.8532,148.5581,719.279,43.0645,164.5065,69.7645,177.4258,25.2645,480.0258,762,2114,1214,1282,1580,6952,35,0,0,0
2012-06-01,94.3583,452.075,282.5117,184.7733,382.2217,1395.94,278.7553,853.9213,568.7007,413.284,507.5287,2622.19,45.4413,104.804,92.4587,166.0053,147.356,556.0653,46.2293,104.804,92.4587,171.784,172.8347,588.1107,116.1,167.915,151.145,138.89,147.275,721.3249999999999,28.7767,150.7067,105.91,155.4533,32.04,472.8867000000001,772,2062,1390,1226,1534,6984,35,0,0,0
2012-07-01,88.8613,475.1081,315.921,166.8194,411.8694,1458.5792000000001,280.5923,917.8206,617.0142,446.3968,527.7348,2789.5586999999996,41.4335,120.7419,104.2194,151.4994,138.0271,555.9213,41.6877,120.7419,104.2194,160.1419,181.24,608.0309,98.8306,137.9468,150.0145,147.1016,121.9258,655.8193,26.1258,188.9097,122.0161,192.929,20.3839,550.3645,744,2203,1527,1292,1561,7327,35,0,0,0
2012-08-01,82.3194,478.6516,308.0161,190.5339,403.4194,1462.9404,276.9826,961.3774,585.971,438.6961,523.8845,2786.9116,40.671,122.7755,104.9819,150.991,146.4155,565.8349000000001,40.671,122.7755,104.9819,157.6,175.1394,601.1678,89.8839,129,156.0484,146.0613,117.7645,638.7580999999999,37.8968,198.0968,114.2645,183.1677,13.4935,546.9193,718,2243,1466,1273,1518,7218,35,0,0,0
2012-09-01,70.98,499.9583,263.9217,165.9017,399.1217,1399.8834,243.942,997.402,509.2693,414.2787,489.6247,2654.5166999999997,37.036,120.3013,71.1827,151.5587,108.744,488.82269999999994,37.824,120.3013,71.1827,165.2173,153.9227,548.448,101.48,138.03,121.905,214.57,119.11,695.0949999999999,43.0167,203.81,103.8333,176.5167,9.1967,536.3734,700,2316,1233,1276,1422,6947,35,0,0,0
2012-10-01,67.8726,509.7258,267.6742,152.3726,299.5661,1297.2113,240.4045,970.7626,509.2052,306.3413,356.1548,2382.8684000000003,37.6206,117.1832,84.9006,83.3755,69.3948,392.4747,39.1458,117.1832,84.9006,89.7303,118.2,449.1599,86.971,180.3919,135.2419,131.2887,104.6565,638.55,29.2839,191.7806,102.7806,129.1935,4.0194,457.058,656,2319,1254,909,1048,6186,35,0,0,0
2012-11-01,63.9383,488.9733,270.6817,97.7383,278.005,1199.3366,298.6487,1014.0627,511.5073,340.6733,413.0353,2577.9273,32.8333,115.3107,82.2147,124.7667,86.4173,441.5427,35.46,115.3107,82.2147,139.476,161.8027,534.2641,86,152.435,131.58,123.195,100.405,593.615,33.5233,221.0167,99.0867,207.37,18.0967,579.0934,727,2319,1253,1042,1179,6520,35,0,0,0
2012-12-01,66.7823,474.8355,264.9484,163.2758,355.4452,1325.2872,307.0632,975.3348,542.1735,412.9471,505.1142,2742.6328,28.7239,105.7445,69.9032,148.9574,98.6271,451.9561,30.7574,105.9987,69.9032,161.1587,153.2787,521.0966999999999,111.3145,134.4097,142.9403,144.3968,126.5032,659.5645,39.9065,225.0839,108.5226,203.2645,14.3548,591.1323,758,2190,1269,1235,1385,6837,35,0,0,0
2013-01-01,105.2161,500.4581,265.4935,145.8306,380.5226,1397.5209,258.9342,946.6981,523.4032,435.8084,492.1194,2656.9633,33.5535,95.5768,62.0232,137.7729,92.5265,421.4529,36.0955,95.831,62.0232,156.8374,171.3265,522.1136,113.1871,176.2306,133.1613,172.9016,116.3081,711.7887000000001,66.8935,183.7419,94.7419,227.0935,43.6387,616.1095,767,2154,1196,1282,1429,6828,35,0,0,0
2013-02-01,120.1107,498.2482,262.2518,180.7696,422.8018,1484.1821,260.0343,955.4129,541.9157,397.7779,448.6657,2603.8065,42.4957,98.7814,110.0386,152.2529,86.9614,490.5300000000001,43.6214,98.7814,110.0386,159.2886,170.2643,581.9943000000001,107.1161,161.4804,145.125,181.7518,105.5036,700.9769,60.7107,185.3107,126.1893,168.1464,45.4536,585.8107,759,2167,1353,1210,1408,6897,35,0,0,0
2013-03-01,91.3145,456.5726,245.3226,205.2532,415.9581,1414.421,283.48,922.3929,509.2052,372.0374,465.889,2553.0045000000005,38.129,84.6465,94.3058,162.1755,94.0516,473.3084,39.1458,84.6465,94.3058,167.7677,170.8181,556.6839,107.1532,128.5839,123.7984,145.8532,126.0871,631.4757999999999,75.5065,205.5613,123.7387,161.9226,56.8452,623.5743,802,2078,1243,1178,1480,6781,35,0,0,0
2013-04-01,99.9917,429.5417,242.7967,181.9567,440.8083,1395.0951,265.8247,832.536,549.056,407.8133,509.2693,2564.4993,22.064,87.7307,97.9747,149.72,105.592,463.08140000000003,22.3267,87.9933,97.9747,156.024,180.7147,545.0334,93.095,141.04,138.03,139.965,118.035,630.165,51.62,155.4533,128.16,179.78,42.72,557.7333,725,1935,1319,1213,1556,6748,35,0,0,0
2013-05-01,95.9484,448.6677,250.229,177.7226,403.9645,1376.5322,219.4684,915.1735,559.2594,444.9529,475.7555,2614.6097,16.5226,102.6942,100.9148,111.8452,98.6271,430.6039,16.5226,102.9484,100.9148,118.4542,154.5497,493.38970000000006,69.7016,140.0274,124.4226,145.8532,126.7113,606.7160999999999,57.1323,191.7806,112.829,142.4,39.3323,543.4742,657,2139,1320,1180,1435,6731,35,0,0,0
2013-06-01,93.2317,486.1567,276.0333,154.3533,432.3583,1442.1333,226.2867,948.6633,597.0487,432.68,513.248,2717.9267,32.0453,109.7947,101.652,147.8813,118.7253,510.09860000000003,32.8333,109.7947,101.652,155.236,162.328,561.844,97.61,153.08,116.745,132.44,125.775,625.65,62.8933,195.2067,121.04,209.4467,29.6667,618.2534,711,2246,1415,1252,1515,7139,35,0,0,0
2013-07-01,100.8548,493.371,283.7565,139.2887,418.9565,1436.2275,235.8323,938.7568,591.2652,461.5574,517.3871,2744.7988,33.2994,110.0658,106.5071,143.3652,130.4013,523.6388,33.5535,110.0658,106.5071,146.1613,167.0052,563.2928999999999,84.2661,126.5032,112.1468,137.7387,103.4081,564.0629,64.8839,183.1677,107.3742,215.0355,31.8677,602.329,718,2211,1403,1257,1512,7101,35,0,0,0
2013-08-01,83.4097,462.8419,264.6758,166.0016,453.5742,1430.5032,225.4845,879.5581,548.9116,452.4129,518.5903,2624.9574,35.8413,116.1665,98.3729,150.4826,138.2813,539.1446,35.8413,116.4206,98.3729,158.871,169.5471,579.0529,69.4935,121.3016,121.3016,143.3565,99.2468,554.7,60.0032,194.0774,106.5129,180.2968,25.2645,566.1548,678,2128,1312,1264,1511,6893,35,0,0,0
2013-09-01,106.47,458.835,245.895,118.8633,414.3317,1344.395,231.26,884.5073,493.106,398.364,428.4527,2435.69,38.8747,104.5413,95.6107,120.564,87.2053,446.79599999999994,39.1373,104.804,95.6107,125.8173,146.8307,512.2,85.785,111.8,106.425,133.945,121.045,559,58.4433,194.02,109.47,197.58,17.5033,577.0166,716,2100,1219,1132,1322,6489,35,0,0,0
2013-10-01,88.5887,485.4661,228.15,114.2113,356.8081,1273.2241999999999,146.0716,931.7781,430.0329,353.7484,386.9574,2248.5883999999996,29.2323,110.5742,78.2916,116.4206,61.2606,395.7793,30.249,110.5742,78.2916,134.7226,105.7445,459.5819,65.3323,145.8532,91.5484,129.2081,115.2677,547.2097,14.6419,185.7516,80.9613,159.6258,12.0581,453.0387,400,2198,1062,1007,1163,5830,35,0,0,0
2013-11-01,80.5567,487.0017,240.825,91.5417,341.9433,1241.8683999999998,177.548,967.3133,514.9887,382.2007,407.316,2449.3666999999996,32.8333,105.592,94.2973,130.02,68.8187,431.5613000000001,33.096,105.592,94.2973,137.6373,120.8267,491.44930000000005,71.595,118.035,111.8,181.03,104.49,586.95,32.04,201.7333,115.4033,181.8567,52.51,583.5433,488,2199,1231,1096,1190,6204,35,0,0,0
2013-12-01,73.8694,474.5629,213.1581,104.671,401.5113,1267.7727,196.1258,938.0348,434.8458,409.3374,471.1832,2449.527,33.5535,105.7445,65.3277,142.3484,88.7135,435.68760000000003,33.8077,105.7445,65.3277,153.5329,154.5497,512.9625,95.2935,126.9194,105.9048,147.1016,112.979,588.1983,68.6161,208.4323,103.0677,213.0258,67.4677,660.6096000000001,573,2114,1054,1166,1405,6312,35,0,0,0
2014-01-01,79.5935,486.0113,254.3177,123.2065,417.8661,1360.9951,228.8535,922.3929,520.0342,428.589,464.9265,2564.7961,31.2658,100.4065,82.3587,147.6865,97.6103,459.32779999999997,32.791,100.4065,82.3587,155.0581,151.4994,522.1137,87.3871,137.7387,119.429,157.0887,91.3403,592.9838,63.7355,194.9387,115.1258,207.2839,72.3484,653.4323,602,2104,1224,1231,1418,6579,35,0,0,0
2014-02-01,107.1339,484.0643,265.5714,130.0696,402.2804,1389.1196,241.1179,927.4379,510.7436,433.2129,396.4457,2508.9580000000005,34.6157,102.1586,72.89,130.3014,72.3271,412.29280000000006,35.1786,102.1586,72.89,149.72,153.66,513.6071999999999,111.0321,140.5179,127.1571,168.8518,72.1018,619.6607,68.3393,195.4821,121.1036,187.8536,58.8036,631.5822,718,2137,1250,1229,1305,6639,35,0,0,0
2014-03-01,106.3065,430.1323,245.3226,161.9129,389.2452,1332.9195,282.2768,870.4135,493.8039,440.3806,461.3168,2548.1916,34.8245,109.3032,70.1574,137.0103,82.8671,434.16249999999997,36.0955,109.3032,70.1574,140.8232,147.6865,504.0658000000001,101.3274,144.8129,112.1468,157.7129,121.3016,637.3016,71.2,198.671,120.2935,169.3871,56.271,615.8226,760,2056,1200,1233,1403,6652,35,0,0,0
2014-04-01,109.5683,466.44,248.1483,138.8617,385.0383,1348.0566000000001,294.1727,921.31,529.66,461.5253,466.0013,2672.6692999999996,38.0867,107.4307,71.708,133.96,86.9427,438.1281,38.0867,107.4307,71.708,140.0013,134.4853,491.712,105.995,146.63,107.93,158.24,108.575,627.3700000000001,71.7933,209.4467,120.7433,193.7233,45.39,641.0966,804,2194,1232,1271,1386,6887,35,0,0,0
2014-05-01,103.0355,469.1113,262.4952,145.8306,387.8823,1368.3549,281.3142,847.071,489.4723,398.0271,439.6587,2455.5433000000003,38.3832,101.4232,60.7523,128.1135,102.44,431.1122,38.3832,101.4232,60.7523,134.7226,136.2477,471.529,97.1661,138.3629,115.6839,162.7065,115.8919,629.8113,73.2097,174.8419,71.2,159.3387,47.0839,525.6741999999999,759,2053,1165,1153,1353,6483,35,0,0,0
2014-06-01,100.8367,423.0633,237.1633,135.7633,341.0983,1237.9249,257.8673,795.7333,500.3173,356.588,417.2627,2327.7686,38.612,99.0253,77.224,135.7987,108.744,459.404,38.612,99.0253,77.224,141.052,132.384,488.29730000000006,107.285,99.33,104.275,116.1,69.445,496.435,69.1233,171.1767,93.7467,155.4533,45.6867,535.1867,744,1904,1171,1058,1243,6120,35,0,0,0
2014-07-01,109.0323,434.221,271.4903,149.9194,340.9984,1305.6614,287.8116,866.3226,561.9065,398.749,452.1723,2566.9620000000004,36.6039,102.9484,88.4594,160.1419,127.351,515.5046,36.6039,102.9484,88.4594,162.6839,144.6361,535.3317,82.1855,143.7726,109.0258,121.9258,83.4339,540.3435999999999,58.5677,188.9097,113.1161,155.0323,52.5387,568.1645,752,2067,1334,1149,1315,6617,35,0,0,0
2014-08-01,105.4887,474.5629,294.9323,135.4726,354.0823,1364.5388,276.9826,963.3026,582.6019,404.5245,464.2045,2691.6160999999997,39.6542,121.2503,99.1355,174.1226,107.0155,541.1781,39.6542,121.2503,99.1355,178.9523,139.0439,578.0362,107.5694,142.7323,121.3016,135.0339,83.6419,590.2791,62.3,203.2645,124.6,169.9613,46.5097,606.6355,758,2253,1399,1181,1311,6902,35,0,0,0
2014-09-01,109.005,460.8067,279.9767,150.41,331.24,1331.4384,276.2687,933.7433,539.1093,434.918,459.536,2643.5753,41.2387,112.9467,86.68,180.9773,108.744,530.5867000000001,41.2387,112.9467,86.68,188.8573,151.296,581.0187000000001,73.53,118.465,113.09,152.65,80.625,538.36,61.7067,190.46,123.1167,183.6367,70.6067,629.5268,725,2164,1326,1276,1320,6811,35,0,0,0
2014-10-01,113.9387,480.8323,275.0339,163.5484,305.8355,1339.1888,297.6781,911.3232,546.0239,436.771,418.7226,2610.5188000000003,33.0452,97.6103,91.7639,163.4465,106.7613,492.6272,34.8245,97.6103,91.7639,174.3768,147.4323,546.0078000000001,81.3532,140.0274,104.0323,180.3919,125.4629,631.2677,54.8355,180.871,126.3226,163.071,63.7355,588.8356,750,2130,1312,1258,1281,6731,35,0,0,0
2014-11-01,108.7233,479.96,277.4417,170.4083,316.875,1353.4083,280.496,937.4733,531.898,455.5573,435.4153,2640.8399,32.0453,102.44,75.3853,156.5493,97.4493,463.8692,32.5707,102.44,75.3853,172.8347,141.84,525.0707,108.575,138.675,112.66,152.22,106.855,618.985,48.06,193.7233,120.4467,179.78,57.85,599.86,725,2155,1274,1277,1259,6690,35,0,0,0
2014-12-01,113.121,493.371,280.4855,183.9919,392.7887,1463.7581,272.8916,962.0994,539.5265,447.8406,459.6323,2681.9903999999997,32.791,102.44,75.7497,148.449,99.6439,459.07360000000006,32.791,102.44,75.7497,157.8542,162.1755,531.0104,94.4613,139.6113,127.9597,140.4435,85.7226,588.1984,48.8065,195.8,124.8871,173.6935,53.4,596.5871,717,2160,1285,1253,1398,6813,35,0,0,0
2015-01-01,123.2065,479.7419,259.7694,146.1032,397.6952,1406.5162,277.9452,945.0135,537.6013,469.2581,423.2948,2653.1129000000005,37.8748,108.2865,88.7135,158.1084,104.9819,497.9651,37.8748,108.2865,88.7135,178.4439,161.1587,574.4774,109.8581,165.6194,104.8645,138.571,91.1323,610.0453,60.2903,190.9194,139.529,200.3935,53.1129,644.2451,750,2144,1249,1290,1332,6765,35,0,0,0
2015-02-01,111.3589,472.8982,266.4768,163.2661,359.4268,1373.4268,273.3557,1000.7057,591.4714,420.4243,404.9714,2690.9285,43.34,113.6971,86.1171,161.2586,96.2486,500.6614,43.9029,113.6971,86.1171,189.12,160.1329,592.97,109.8804,164.7054,125.0839,162.1714,96.9804,658.8215000000001,61.3464,200.8857,143.9893,187.2179,58.8036,652.2429,746,2250,1338,1289,1292,6915,35,0,0,0
2015-03-01,100.3097,390.0629,266.5839,142.8323,388.7,1288.4888,263.5065,891.5903,590.0619,408.6155,368.6684,2522.4426,37.3665,106.5071,99.6439,139.8065,96.8477,480.1717,38.129,106.5071,99.6439,156.0748,154.2955,554.6503,116.7242,150.4306,137.3226,132.5371,91.9645,628.979,56.271,211.3032,141.8258,165.3677,56.271,631.0387,723,2047,1397,1153,1270,6590,35,0,0,0
2015-04-01,125.905,403.91,272.6533,145.6217,366.73,1314.8200000000002,285.4693,917.3313,547.3153,406.3213,388.666,2545.1032,35.7227,120.564,90.62,149.72,98.5,495.1267,37.036,120.564,90.62,163.116,137.9,549.236,90.085,158.67,101.05,162.97,107.285,620.06,60.8167,215.6767,103.24,149.52,51.9167,581.1701,758,2140,1280,1182,1286,6646,35,0,0,0
2015-05-01,117.7548,493.371,251.5919,117.7548,353.8097,1334.2822,280.3516,970.5219,515.4619,490.1942,379.7381,2636.2677,39.9084,117.1832,86.1716,174.8852,112.3535,530.5019,39.9084,117.1832,86.1716,181.4942,143.6194,568.3768,79.8968,133.5774,100.4952,144.3968,81.1452,539.5114000000001,50.529,199.5323,118.2839,237.429,62.5871,668.3612999999999,737,2265,1214,1335,1235,6786,35,0,0,0
2015-06-01,128.1583,499.9583,223.925,126.1867,326.7333,1304.9616,267.814,961.3453,465.7527,477.9373,370.5133,2543.3626,33.884,123.716,96.924,182.028,113.9973,550.5493,33.884,123.716,96.924,186.2307,139.7387,580.4934000000001,49.665,105.78,69.66,113.735,79.335,418.17499999999995,40.94,190.46,105.02,221.9067,57.2567,615.5834000000001,698,2247,1123,1295,1192,6555,35,0,0,0
2015-07-01,118.5726,432.8581,259.7694,128.9306,411.8694,1352.0001,286.849,914.211,522.4406,478.8839,452.8942,2655.2787,37.1123,120.9961,88.2052,172.3432,131.6723,550.3290999999999,37.8748,120.9961,88.2052,184.2903,155.0581,586.4245,76.9839,150.2226,93.629,114.4355,85.7226,520.9936,60.0032,192.929,92.4452,233.6968,63.1613,642.2355,759,2168,1206,1318,1431,6882,35,0,0,0
2015-08-01,119.3903,469.6565,278.0323,126.2048,402.8742,1396.1580999999999,286.849,910.6013,533.2697,495.729,444.231,2670.6799999999994,33.0452,113.6245,75.7497,154.2955,122.0129,498.7278,34.5703,113.6245,75.7497,159.1252,157.0916,540.1613,75.5274,154.8,106.7371,148.1419,99.6629,584.8693000000001,52.5387,182.5935,101.6323,202.1161,61.7258,600.6064,747,2172,1235,1299,1418,6871,35,0,0,0
2015-09-01,112.9483,487.565,266.7383,111.8217,414.6133,1393.6866,279.9987,930.7593,574.6687,501.0633,458.044,2744.5339999999997,36.248,115.836,92.984,178.088,120.3013,543.4572999999999,37.5613,115.836,92.984,181.24,166.268,593.8893,66.22,99.33,137.6,155.66,75.465,534.275,44.2033,185.7133,112.7333,213.3033,52.8067,608.7599,721,2150,1344,1334,1414,6963,35,0,0,0
2015-10-01,92.4048,478.9242,291.6613,108.7597,410.779,1382.529,257.4903,896.1626,572.4948,464.4452,468.5361,2659.129,27.4529,99.6439,74.2245,159.3794,111.0826,471.7833,28.9781,99.6439,74.2245,169.2929,152.5161,524.6555000000001,78.0242,131.2887,135.2419,166.0355,80.3129,590.9032,59.429,182.5935,136.0839,269.0097,48.5194,695.6355,675,2084,1369,1335,1399,6862,35,0,0,0
2015-11-01,91.5417,488.9733,289.2717,103.09,418.5567,1391.4334,241.9527,921.5587,541.596,402.3427,457.5467,2564.9968,36.248,99.8133,50.1693,147.356,94.56,428.1466,36.248,99.8133,50.1693,161.0147,142.8907,490.13599999999997,132.655,137.6,115.885,146.63,94.815,627.585,58.1467,186.3067,127.27,236.4433,67.64,675.8067,690,2136,1257,1185,1423,6691,35,0,0,0
2015-12-01,115.3016,495.0065,294.1145,116.9371,419.7742,1441.1339,271.4477,965.9497,540.9703,429.0703,454.0974,2661.5354,38.8916,102.44,54.1432,152.7703,84.3923,432.63739999999996,38.8916,102.6942,54.1432,163.7006,143.6194,503.0490000000001,112.3548,134.6177,118.8048,197.2452,89.6758,652.6983,57.4194,196.3742,109.3839,254.9419,61.4387,679.5581000000001,743,2162,1234,1315,1397,6851,35,0,0,0
2016-01-01,129.2032,478.379,296.8403,104.9435,421.1371,1430.5031000000001,283.48,963.3026,557.8155,412.4658,400.9148,2617.9787,33.8077,107.7781,53.889,139.2981,93.5432,428.31610000000006,33.8077,107.7781,53.889,155.3123,149.9742,500.7613,91.3403,158.5452,145.4371,215.3468,75.1113,685.7807,65.171,219.9161,130.9161,274.7516,65.4581,756.2129,759,2176,1298,1307,1320,6860,35,0,0,0
2016-02-01,119.7569,474.0741,292.2534,90.0362,361.8931,1338.0137,277.8207,950.7641,548.1814,420.5897,363.7393,2561.0952,31.2483,106.5159,73.3655,129.6124,72.5503,413.29240000000004,32.0634,106.5159,73.3655,162.2193,135.3186,509.48269999999997,98.7517,153.6879,140.1207,195.5017,85.1845,673.2465,68.131,204.0862,120.3034,244.2897,58.9241,695.7343999999999,755,2158,1310,1255,1214,6692,35,0,0,0
2016-03-01,109.3048,450.3032,282.9387,105.7613,360.8968,1309.2048,250.5116,936.8316,548.671,426.1826,358.8019,2520.9987,35.3329,109.8116,73.9703,147.4323,71.1742,437.7213,35.3329,111.3368,73.9703,163.1923,126.5884,510.42069999999995,95.5016,133.5774,122.3419,173.9419,76.9839,602.3467,66.0323,216.471,114.8387,239.4387,49.9548,686.7355,703,2164,1283,1224,1181,6555,35,0,0,0
2016-04-01,99.1467,442.2167,308.7067,64.5017,408.4167,1322.9885,237.7253,858.646,560.992,352.858,390.4067,2400.6279999999997,37.824,113.2093,80.376,172.8347,102.44,506.684,38.8747,113.2093,80.376,182.5533,142.8907,557.904,101.05,144.265,129.215,258,66.65,699.18,55.18,177.11,113.6233,286.58,29.6667,662.1600000000001,666,2060,1362,1256,1275,6619,35,0,0,0
2016-05-01,112.3032,487.9194,250.7742,69.2355,406.1452,1326.3775,260.3781,888.9432,406.931,351.8232,420.1665,2328.242,37.3665,115.4039,57.4477,166.751,105.9987,482.9678,37.3665,115.6581,57.4477,185.8155,138.5355,534.8233,87.8032,104.0323,106.321,219.0919,83.85,601.0984000000001,59.7161,165.0806,54.8355,279.0581,54.5484,613.2387,722,2103,1010,1260,1355,6450,35,0,0,0
2016-06-01,117.7367,483.6217,181.1117,93.5133,399.685,1275.6684,262.3433,954.6313,318.7907,419.7493,428.95,2384.4646,37.036,114.5227,48.3307,146.568,117.6747,464.13210000000004,37.036,114.7853,48.3307,160.4893,140.264,500.9053,96.535,109.435,91.805,200.81,92.665,591.25,59.0367,186.01,57.85,244.4533,47.7633,595.1133,748,2209,801,1284,1364,6406,35,0,0,0
2016-07-01,103.8532,495.5516,260.3145,95.4032,394.9694,1350.0919,252.4368,960.8961,540.9703,389.1232,427.6265,2571.0529,35.5871,121.7587,102.44,170.5639,121.2503,551.6,35.8413,121.7587,102.44,177.4271,143.8735,581.3406,114.4355,115.2677,146.0613,190.171,63.8758,629.8113000000001,55.9839,188.3355,124.0258,195.2258,50.2419,613.8128999999999,721,2242,1338,1228,1329,6858,35,0,0,0
2016-08-01,114.2113,503.729,272.3081,76.5952,395.2419,1362.0855,254.1213,959.2116,563.3503,386.7168,447.6,2611,38.6374,129.1303,91.7639,179.4606,110.0658,549.058,41.1794,129.1303,91.7639,186.0697,134.4684,582.6117,106.7371,122.3419,150.0145,217.0113,64.2919,660.3967,54.2613,178.8613,116.8484,222.7871,49.6677,622.4258,729,2270,1351,1264,1332,6946,35,0,0,0
2016-09-01,111.2583,465.595,279.4133,104.78,406.445,1367.4915999999998,255.132,935.484,538.612,358.3287,447.3513,2534.908,38.0867,123.9787,100.6013,183.8667,97.1867,543.7201,38.0867,123.9787,100.6013,198.576,129.7573,591,101.695,130.505,123.195,228.33,92.235,675.96,55.7733,199.36,124.0067,219.83,45.6867,644.6567,704,2235,1334,1262,1344,6879,35,0,0,0
2016-10-01,96.7661,499.9129,235.7823,117.4823,391.971,1341.9146,217.3026,938.9974,569.6071,386.4761,443.2684,2555.6515999999997,32.5368,113.8787,103.2026,159.1252,88.2052,496.9485,32.5368,114.1329,103.2026,173.6142,133.7058,557.1922999999999,77.1919,126.5032,140.8597,209.1048,71.9903,625.6499,53.1129,167.0903,183.4548,232.2613,66.6065,702.5258,611,2186,1373,1308,1326,6804,35,0,0,0
2016-11-01,109.2867,502.2117,261.3867,69.5717,432.9217,1375.3784999999998,199.182,950.404,619.926,410.0513,435.664,2615.2273000000005,36.7733,109.2693,88.5187,170.996,84.5787,490.13599999999997,36.7733,109.2693,88.5187,186.4933,139.2133,560.2679,44.29,120.615,155.445,206.615,78.475,605.44,55.4767,187.79,174.7367,277.0867,52.51,747.6001,563,2188,1428,1367,1369,6915,35,0,0,0
2016-12-01,105.7613,497.7323,284.8468,109.5774,423.5903,1421.5081,259.6561,976.2974,577.3077,374.4439,440.14,2627.8451,35.5871,108.2865,86.4258,167.7677,87.1884,485.2555,36.6039,108.5406,86.4258,191.6619,141.0774,564.3096,114.8516,141.9,163.7468,216.3871,64.7081,701.5935999999999,66.3194,203.8387,138.9548,242.5968,58.8548,710.5645,726,2226,1384,1339,1360,7035,35,0,0,0
2017-01-01,116.9371,459.2984,268.2194,91.5871,425.771,1361.8129999999999,259.4155,935.6284,528.6974,372.2781,414.391,2510.4104,37.6206,100.9148,86.4258,162.4297,90.2387,477.6296,39.1458,101.9316,86.4258,187.3406,149.2116,564.0554,113.6032,139.6113,123.1742,207.8565,77.6081,661.8533,56.8452,192.929,134.3613,269.5839,48.5194,702.2388,708,2141,1269,1309,1334,6761,35,0,0,0
2017-02-01,98.0804,427.9321,252.5946,93.5536,410.1268,1282.2875,240.0521,872.2871,498.4879,386.3214,375.9307,2373.0792,34.6157,100.7514,94.56,171.1086,73.4529,474.4886,34.6157,100.7514,94.56,190.2457,139.3071,559.4799,111.2625,157.7946,106.6554,218.8393,61.275,655.8267999999999,51.175,187.8536,110.6143,261.5964,50.8571,662.0963999999999,649,2076,1196,1334,1255,6510,35,0,0,0
2017-03-01,113.121,449.2129,239.3258,56.1516,396.8774,1254.6887,256.7684,862.9535,501.0232,413.1877,408.1342,2442.067,37.6206,113.8787,73.9703,189.8826,101.6774,517.0296000000001,39.6542,113.8787,73.9703,200.8129,153.7871,582.1032,139.8194,109.8581,114.2274,217.4274,80.729,662.0613000000001,62.8742,194.9387,127.1839,304.0355,53.6871,742.7194000000001,743,2079,1194,1374,1310,6700,35,0,0,0
2017-04-01,97.175,451.7933,277.7233,67.8817,423.6267,1318.2,238.2227,888.9833,546.072,423.4793,428.95,2525.7072999999996,42.552,118.7253,84.0533,200.152,127.9187,573.4013,42.552,118.7253,84.0533,206.456,159.7013,611.4879000000001,149.64,133.73,113.09,222.955,65.575,684.9900000000001,63.7833,190.1633,123.1167,301.71,49.84,728.6133,737,2168,1309,1403,1364,6981,35,0,0,0
2017-05-01,108.7597,451.6661,266.0387,73.8694,380.25,1280.5839,248.3458,814.1026,495.4884,421.3697,408.3748,2387.6812999999997,41.1794,113.3703,81.8503,174.3768,123.5381,534.3149,41.6877,113.6245,81.8503,187.849,159.1252,584.1367,130.0403,108.1935,127.3355,227.8306,64.5,657.8999,49.3806,162.7839,117.1355,255.5161,74.3581,659.1742,706,2015,1243,1349,1325,6638,35,0,0,0
2017-06-01,103.3717,400.8117,265.0483,59.7133,398.2767,1227.2217,263.338,798.966,513.248,423.9767,431.4367,2430.9654,45.704,119.2507,95.348,175.724,135.536,571.5627,45.704,119.776,95.348,182.816,164.1667,607.8107,144.695,119.325,100.405,189.2,61.92,615.545,49.5433,176.8133,123.71,310.9067,54.8833,715.8566,740,2010,1268,1356,1366,6740,35,0,0,0
2017-07-01,111.2129,452.4839,278.3048,89.4065,376.979,1308.3871000000001,283.7206,855.7342,554.6871,445.6748,407.4123,2547.2290000000003,48.0426,127.0968,92.0181,184.5445,128.1135,579.8154999999999,48.0426,127.351,92.0181,184.5445,150.4826,602.4387999999999,134.6177,118.5968,103.8242,173.9419,72.1984,603.179,54.5484,167.3774,131.7774,268.7226,49.0935,671.5192999999999,760,2131,1334,1352,1277,6854,35,0,0,0
2017-08-01,105.4887,462.8419,302.0194,74.1419,416.5032,1360.9951,281.3142,912.0452,572.7355,364.8181,441.5839,2572.4969,50.0761,131.6723,105.4903,150.4826,137.7729,575.4942,50.0761,131.6723,105.4903,156.0748,165.2258,608.5392999999999,138.1548,114.8516,112.5629,161.8742,71.3661,598.8095999999999,65.171,188.0484,123.4516,258.6742,53.6871,689.0323,767,2214,1375,1174,1396,6926,35,0,0,0
2017-09-01,106.47,460.8067,290.68,104.78,428.1333,1390.87,279.004,936.23,549.056,358.3287,430.9393,2553.558,39.9253,127.1307,99.8133,183.8667,114.5227,565.2587,40.7133,127.1307,99.8133,198.576,157.0747,623.308,128.14,138.245,108.36,228.33,61.275,664.35,49.84,194.91,125.49,219.83,49.5433,639.6133000000001,746,2263,1344,1262,1359,6974,35,0,0,0
2017-10-01,104.3984,478.1065,272.8532,40.8871,382.4306,1278.6758,281.5548,915.4142,549.6335,375.4065,417.76,2539.7690000000002,39.4,112.6077,97.8645,98.8813,111.591,460.34450000000004,40.671,112.6077,97.8645,100.4065,154.0413,505.591,120.2613,148.9742,128.1677,214.3065,72.6145,684.3242,55.6968,173.6935,132.6387,240.8742,67.1806,670.0838,710,2191,1334,1111,1328,6674,35,0,0,0
2017-11-01,108.16,484.4667,287.5817,84.2183,390.39,1354.8166999999999,243.6933,918.0773,564.722,339.43,391.1527,2457.0753,39.6627,104.804,100.6013,149.4573,82.4773,477.00260000000003,40.4507,104.804,100.6013,151.0333,139.7387,536.6279999999999,142.115,131.15,109.22,214.14,78.045,674.67,59.9267,202.92,151.3,205.59,63.4867,683.2234000000001,743,2200,1368,1135,1270,6716,35,0,0,0
2017-12-01,106.3065,518.1758,275.8516,81.5016,410.2339,1392.0694,270.2445,940.2006,571.7729,371.7968,420.1665,2574.1812999999997,46.009,113.8787,91.2555,165.9884,71.4284,488.56,47.28,114.1329,91.2555,173.1058,140.569,566.3432,130.4565,146.8935,110.2742,211.1855,68.6613,667.471,59.1419,202.6903,142.6871,265.2774,51.1032,720.8999,752,2249,1325,1225,1304,6855,35,0,0,0
2018-01-01,100.8548,522.8097,259.4968,70.871,380.25,1334.2822999999999,268.56,904.8258,545.5426,413.1877,408.8561,2540.9722,42.4503,109.8116,93.7974,185.3071,84.6465,516.0129,43.4671,109.8116,93.7974,188.8658,145.6529,581.5948000000001,131.2887,152.5113,134.6177,219.0919,68.4532,705.9628000000001,65.4581,202.1161,149.5774,318.9645,56.8452,792.9612999999999,693,2199,1313,1367,1234,6806,35,0,0,0
2018-02-01,93.8554,507.6036,257.725,98.6839,327.7393,1285.6072,277.885,889.605,544.3136,408.435,342.3607,2462.5993000000003,36.5857,105.2543,88.9314,204.0357,74.86,509.6671,37.7114,105.2543,88.9314,206.0057,123.2657,561.1685,122.55,172.5375,129.6911,212.3893,54.1339,691.3018,61.6643,196.1179,140.4929,280.35,34.0107,712.6358,687,2189,1300,1406,1089,6671,35,0,0,0
2018-03-01,68.6903,478.9242,246.4129,70.0532,360.8968,1224.9774,231.7413,836.7232,470.2206,363.8555,380.2194,2282.76,19.3187,112.8619,76.7665,178.1897,79.8168,466.9536,20.0813,113.1161,76.7665,180.4774,142.6026,533.0439,125.0468,145.4371,122.55,179.7677,46.1903,618.9919,61.7258,175.9903,106.2258,291.9774,42.2032,678.1225000000001,569,2074,1143,1262,1179,6227,35,0,0,0
2018-04-01,75.7683,492.0717,207.3067,97.7383,393.2067,1266.0917,228.7733,840.2447,463.7633,407.0673,421.9873,2361.8359,12.3453,109.0067,71.9707,194.3733,108.4813,496.17730000000006,13.1333,109.0067,71.9707,209.3453,159.176,562.6320000000001,104.92,122.55,97.61,206.185,45.58,576.845,46.28,158.7167,130.83,259.5833,46.8733,642.2833,518,2099,1096,1346,1297,6356,35,0,0,0
2018-05-01,75.7774,508.6355,219.9726,85.0452,353.8097,1243.2404000000001,253.1587,848.7555,364.0961,358.8019,355.9142,2180.7264,26.6903,107.2697,55.16,201.3213,111.8452,502.28650000000005,26.9445,107.2697,55.16,201.3213,145.1445,535.84,115.0597,127.3355,92.3806,204.3194,64.0839,603.1791,57.9935,132.9258,68.6161,263.8419,67.1806,590.5579000000001,592,2100,919,1277,1187,6075,35,0,0,0
2018-06-01,90.415,492.0717,247.0217,88.1617,372.9267,1290.5968,268.8087,881.026,423.728,353.1067,392.8933,2319.5627,41.2387,125.0293,95.8733,194.636,132.384,589.1613,41.2387,125.292,95.8733,205.668,152.6093,620.6813,156.95,115.67,127.925,170.495,64.93,635.97,60.2233,166.1333,106.5033,304.38,55.4767,692.7166000000001,702,2182,1148,1304,1277,6613,35,0,0,0
2018-07-01,95.4032,497.1871,245.05,87.771,390.8806,1316.2919,281.7955,885.3335,522.9219,375.1658,402.3587,2467.5753999999997,49.5677,123.2839,106.5071,201.3213,137.5187,618.1987,50.5845,123.2839,106.5071,203.3548,157.3458,641.0761,147.5177,121.7177,127.5435,188.7145,55.9694,641.4627999999999,62.5871,154.7452,135.5097,278.1968,59.7161,690.7549,748,2176,1291,1279,1315,6809,35,0,0,0
2018-08-01,102.4903,480.2871,276.3968,95.9484,416.5032,1371.6258,302.9723,863.6755,561.6658,381.9039,444.4716,2554.6891,50.8387,126.5884,107.7781,201.5755,148.7032,635.4839000000001,51.6013,126.5884,107.7781,207.9303,174.8852,668.7833,154.3839,115.2677,105.9048,220.1323,62.4194,658.1081,71.4871,161.0613,150.1516,305.1839,58.5677,746.4516000000001,796,2138,1357,1378,1403,7072,35,0,0,0
2018-09-01,111.54,425.035,284.4833,107.8783,428.6967,1357.6333,290.6913,710.4407,551.7913,355.842,453.3193,2362.0846,51.7453,106.1173,110.8453,185.18,121.8773,575.7652,52.008,106.1173,110.8453,192.272,169.1573,630.3999,163.615,94.815,103.845,184.47,54.395,601.14,67.64,129.3467,139.73,240.0033,57.85,634.5699999999999,766,1813,1359,1211,1405,6554,35,0,0,0
2018-10-01,94.5855,420.0468,273.671,82.3194,391.4258,1262.0484999999999,285.8865,697.3897,553.9652,345.8071,430.9955,2314.044,48.8052,97.3561,93.0348,192.9329,118.4542,550.5832,48.8052,97.3561,93.0348,193.6955,168.2761,601.1677000000001,143.9806,103.6161,111.3145,178.9355,60.7548,598.6015000000001,70.6258,120.2935,153.0226,294.5613,59.1419,697.6451000000001,770,1753,1343,1214,1389,6469,35,0,0,0
2018-11-01,101.4,456.8633,269.2733,98.865,368.9833,1295.3849,308.098,794.2413,497.3333,347.8847,429.696,2377.2533000000003,49.9067,101.652,93.5093,178.088,106.38,529.536,50.9573,101.652,93.5093,180.7147,155.7613,582.5946,115.885,129.86,99.76,168.56,50.74,564.8050000000001,68.8267,133.7967,115.4033,272.6367,49.5433,640.2067000000001,803,1920,1215,1214,1300,6452,35,0,0,0
2018-12-01,104.671,475.3806,246.6855,123.7516,415.4129,1365.9016000000001,317.6516,842.7394,506.3174,413.669,447.8406,2528.218,47.0258,96.8477,90.2387,186.0697,100.9148,521.0967,48.0426,96.8477,90.2387,188.3574,163.7006,587.187,109.4419,148.1419,120.4694,215.3468,57.6339,651.0339,69.1903,136.371,149.5774,274.4645,57.1323,686.7355,781,1988,1232,1397,1394,6792,35,0,0,0
2019-01-01,97.5839,482.7403,279.6677,102.4903,428.2242,1390.7064,321.7426,896.8845,521.9594,385.7542,419.2039,2545.5445999999997,42.9587,102.6942,95.3226,194.4581,109.049,544.4825999999999,43.7213,102.6942,95.3226,201.3213,171.3265,614.3859,112.771,151.0548,124.0065,215.3468,49.3113,652.4904,74.3581,168.2387,129.7677,290.5419,54.8355,717.7419,773,2102,1276,1369,1344,6864,35,0,0,0
2019-02-01,101.7018,471.3893,257.4232,79.6714,400.7714,1310.9571,313.5864,836.8521,541.9157,393.2486,404.9714,2490.5742,48.4057,96.8114,91.7457,180.3957,108.6314,525.9899,49.25,97.6557,91.7457,181.8029,168.5757,589.03,100.6661,145.5857,134.2982,206.6304,54.5946,641.775,70.5643,148.7571,124.9179,251.7429,55.3071,651.2893,776,2017,1301,1313,1327,6734,35,0,0,0
2019-03-01,97.8565,442.9435,217.2468,85.3177,361.1694,1204.5339,284.9239,824.2097,474.071,448.8032,396.5832,2428.591,55.4142,103.4568,79.3084,164.9716,103.4568,506.6078,57.1935,103.4568,79.3084,178.9523,150.4826,569.3936000000001,92.7968,130.6645,132.7452,193.0839,67.829,617.1193999999999,68.9032,168.5258,142.1129,282.2161,64.0226,725.7806,739,2010,1180,1376,1249,6554,35,0,0,0
2019-04-01,105.625,439.6817,231.2483,95.2033,368.7017,1240.46,311.3307,839.7473,475.6993,402.3427,428.4527,2457.5726999999997,50.9573,104.2787,94.0347,166.268,99.0253,514.564,50.9573,104.2787,94.0347,168.632,140.0013,557.904,92.45,119.325,101.695,153.94,46.01,513.4200000000001,63.19,169.6933,118.6667,247.42,45.6867,644.6567,766,2034,1170,1252,1266,6488,35,0,0,0
2019-05-01,85.8629,448.3952,222.4258,83.1371,378.0694,1217.8904,298.6406,772.471,455.3006,437.9742,404.2839,2368.6702999999998,43.9755,106.5071,83.1213,162.1755,92.7806,488.56,44.2297,106.5071,83.1213,166.4968,130.6555,531.0104,84.6823,112.1468,91.7565,113.1871,39.9484,441.7211,66.6065,163.071,114.8387,293.1258,47.9452,685.5872,742,1935,1112,1281,1258,6328,35,0,0,0
2019-06-01,88.725,476.0167,203.645,82.5283,337.4367,1188.3517,289.448,794.49,410.5487,412.7867,386.1793,2293.4527,39.4,118.988,81.6893,147.8813,102.1773,490.13590000000005,39.4,118.988,81.6893,155.4987,127.3933,522.9693,91.805,110.51,94.17,109.435,31.605,437.52500000000003,58.74,153.3767,80.3967,234.3667,43.0167,569.8968,755,2012,1009,1159,1168,6103,35,0,0,0
2019-07-01,104.3984,491.7355,232.2387,81.5016,354.0823,1263.9565,293.8277,874.5045,497.4135,410.5406,405.7277,2482.0139999999997,45.7548,130.4013,99.3897,211.9974,130.1471,617.6903,45.7548,130.4013,99.3897,216.5729,157.0916,649.2103,81.1452,102.1597,110.8984,170.1968,69.4935,533.8936,61.4387,167.0903,101.3452,258.1,48.2323,636.2065,724,2159,1201,1323,1284,6691,35,0,0,0
2019-08-01,106.3065,436.9468,269.5823,101.4,315.1032,1229.3388,299.6032,848.5148,518.109,436.5303,414.391,2517.1483,48.0426,130.9097,109.8116,219.369,144.3819,652.5147999999999,48.2968,130.9097,109.8116,224.1987,168.7845,682.0013,75.5274,137.7387,101.5355,144.8129,78.4403,538.0548,68.6161,161.0613,108.2355,293.9871,45.3613,677.2613,743,2093,1259,1398,1280,6773,35,0,0,0
2019-09-01,101.6817,468.6933,232.0933,102.245,375.4617,1280.175,301.8813,849.694,434.4207,419.998,447.6,2453.594,48.5933,112.684,82.74,230.096,119.5133,593.6265999999999,48.856,112.684,82.74,238.764,156.5493,639.5933,62.565,131.365,110.94,144.265,35.69,484.825,62.5967,151.5967,87.22,293.1067,49.5433,644.0634,715,2081,1093,1402,1303,6594,35,0,0,0
2019-10-01,99.7645,499.0952,191.3516,91.5871,406.9629,1288.7613,283.48,886.0555,375.6471,429.311,452.6535,2427.1471,51.6013,97.6103,64.5652,207.1677,123.5381,544.4826,51.8555,97.6103,64.5652,217.3355,173.8684,605.2348999999999,57.4258,121.0935,121.7177,152.9274,50.9758,504.1402,64.3097,154.171,77.229,315.5194,48.5194,659.7485,687,2121,941,1384,1358,6491,35,0,0,0
2019-11-01,98.865,489.5367,185.6183,102.245,427.0067,1303.2717,300.3893,863.122,366.7833,421.7387,426.4633,2378.4966,46.7547,92.196,60.1507,187.8067,100.3387,487.2468,47.5427,92.196,60.1507,191.7467,160.2267,551.8628,70.305,139.32,110.08,130.075,55.47,505.25,73.87,162.5733,75.3533,296.37,51.3233,659.4899,727,2094,894,1328,1358,6401,35,0,0,0
2019-12-01,95.6758,484.1032,207.979,115.5742,422.2274,1325.5596,306.8226,915.4142,390.3265,437.4929,438.9368,2488.9930000000004,47.5342,117.1832,64.311,194.9665,107.2697,531.2646,49.3135,117.1832,64.311,204.6258,170.8181,606.2515999999999,51.8081,92.5887,85.5145,157.0887,57.6339,444.6339,76.3677,179.4355,79.2387,288.5323,52.2516,675.8258000000001,702,2108,926,1384,1386,6506,35,0,0,0
2020-01-01,96.4935,499.6403,209.3419,98.129,400.1484,1303.7531000000001,310.4323,942.3665,348.2135,430.0329,388.4013,2419.4465,46.009,111.3368,57.9561,194.4581,114.6413,524.4013,47.28,111.3368,57.9561,199.5419,177.1729,593.2877,70.1177,102.5758,92.1726,228.871,67.2048,560.9419,70.3387,159.6258,75.7935,276.4742,53.4,635.6321999999999,725,2113,870,1394,1307,6409,35,0,0,0
2020-02-01,82.7517,480.4845,211.25,101.9828,356.6483,1233.1173000000001,322.3234,936.1014,360.1379,424.191,377.1159,2419.8696,44.291,110.0483,56.7903,183.1421,94.2883,488.56,45.1062,110.0483,56.7903,187.4897,159.5021,558.9366,81.181,110.7621,70.95,199.95,84.7397,547.5828,79.4862,164.8034,67.8241,267,64.1414,643.2551,744,2132,878,1338,1251,6343,35,0,0,0
2020-03-01,81.7742,429.5871,167.9097,81.7742,317.0113,1078.0565,310.6729,826.6161,244.9768,422.5729,403.0806,2207.9192999999996,40.9252,76.7665,21.6065,153.2787,63.5484,356.12530000000004,41.4335,76.7665,21.6065,154.8039,135.7394,430.3498,100.4952,114.6435,71.5742,148.5581,53.8887,489.15969999999993,72.0613,163.9323,24.4032,305.7581,60.0032,626.1581,743,1937,621,1302,1156,5759,35,0,0,0
2020-04-01,70.4167,357.435,109.85,75.4867,235.4733,848.6617,300.1407,789.268,241.704,442.6267,332.9647,2106.7041,26.2667,32.5707,21.5387,91.9333,38.8747,211.1841,26.2667,32.5707,21.5387,93.772,103.228,277.3761,102.125,110.51,84.495,175.225,39.345,511.70000000000005,75.9467,164.65,66.75,279.7567,47.17,634.2733999999999,698,1751,591,1234,929,5203,35,0,0,0
2020-05-01,78.5032,410.779,105.2161,74.1419,198.7113,867.3515,308.0258,908.6761,285.4052,380.46,335.4594,2218.0265,14.7432,28.7239,14.489,49.5677,21.0981,128.6219,16.5226,28.7239,14.489,59.7355,59.4813,178.9523,74.9032,109.2339,64.0839,150.8468,82.8097,481.87750000000005,65.171,187.4742,83.5452,219.0548,45.6484,600.8936,680,1983,638,1039,889,5229,35,0,0,0
2020-06-01,67.0367,451.5117,165.0567,72.1067,200.265,955.9768,239.7147,866.6033,352.112,319.0393,318.0447,2095.514,10.5067,38.3493,25.216,49.9067,21.5387,145.5174,10.5067,38.3493,25.216,55.16,44.916,174.148,6.88,108.36,67.94,132.44,75.68,391.3,49.84,154.5633,86.0333,207.9633,36.49,534.8899,506,1977,807,917,843,5050,35,0,0,0
2020-07-01,68.9629,464.4774,194.0774,85.3177,273.9435,1086.7788999999998,256.2871,878.5955,382.3852,366.9839,383.5884,2267.8401,6.1006,39.1458,37.3665,49.3135,27.9613,159.8877,6.1006,39.1458,37.3665,51.8555,45.2465,179.7149,9.3629,97.3742,75.3194,136.4903,50.9758,369.52259999999995,62.0129,166.8032,87.5645,219.0548,38.1839,573.6193000000001,521,2007,899,1002,991,5420,35,0,0,0
2020-08-01,63.5113,479.4694,193.5323,89.4065,294.1145,1120.034,263.5065,832.8729,350.62,418.4819,378.7755,2244.2568,12.4555,50.5845,33.5535,73.4619,19.0645,189.11990000000003,12.7097,50.5845,33.5535,76.5123,37.3665,210.72650000000002,21.2226,119.221,68.8694,127.1274,44.5258,380.96619999999996,61.7258,155.3194,76.9419,264.129,36.4613,594.5774,555,1987,829,1122,987,5480,35,0,0,0
2020-09-01,63.0933,458.2717,232.9383,101.4,341.38,1197.0833,249.164,813.6373,380.46,418.0087,410.3,2271.57,0.5253,39.1373,38.0867,55.6853,28.368,161.80259999999998,1.0507,39.1373,38.0867,60.1507,48.856,187.2814,9.03,95.675,73.96,167.915,43.215,389.79499999999996,57.2567,161.09,84.55,275.01,41.5333,619.44,508,1935,935,1151,1076,5605,35,0,0,0
2020-10-01,59.6952,505.3645,233.329,110.3952,350.2661,1259.05,104.1994,833.3542,404.7652,437.9742,394.1768,2174.4698000000003,1.271,40.4168,27.1987,56.1768,29.2323,154.2956,1.271,40.4168,27.1987,61.0065,58.4645,188.35750000000002,7.2823,108.4016,72.4065,157.2968,33.2903,378.6775,14.6419,165.3677,108.8097,273.3161,35.8871,598.0225,230,1991,969,1187,1070,5447,35,0,0,0
2020-11-01,64.22,464.1867,201.955,103.935,334.0567,1168.3534,185.5053,795.4847,380.7087,439.6427,367.032,2168.3734,2.8893,40.976,19.1747,101.652,19.7,184.392,4.2027,40.976,19.1747,112.1587,60.9387,237.45079999999996,35.475,113.09,61.49,142.975,48.375,401.405,53.1033,183.9333,113.6233,280.0533,42.1267,672.8399,453,1912,887,1254,1048,5554,35,0,0,0
2020-12-01,65.4194,434.4935,163.5484,92.4048,342.3613,1098.2274,284.4426,764.0484,278.6671,485.1406,393.4548,2205.7535,9.151,43.7213,21.8606,96.5935,25.4194,196.7458,10.4219,43.7213,21.8606,109.8116,65.5819,251.39730000000003,45.3581,125.0468,49.5194,145.021,47.6468,412.59209999999996,62.8742,162.7839,89.8613,284.2258,37.6097,637.3549,609,1819,679,1280,1104,5491,35,0,0,0
2021-01-01,69.7806,446.2145,166.2742,92.4048,308.5613,1083.2354,293.1058,734.2084,255.8058,398.9897,342.1974,2024.3071000000002,18.3019,48.551,24.6568,107.2697,19.8271,218.6065,19.5729,48.551,24.6568,122.5213,64.311,279.61300000000006,71.5742,136.9065,43.6935,131.9129,42.2371,426.3242,67.4677,155.0323,85.8419,284.8,36.1742,629.3161000000001,668,1809,648,1202,976,5303,35,0,0,0
2021-02-01,71.825,389.3036,143.9518,99.8911,245.9554,950.9269000000002,303.4621,740.405,251.2421,459.3229,277.885,2032.3171,11.5386,44.7471,5.6286,112.29,20.5443,194.7486,12.9457,44.7471,5.6286,126.3614,66.98,256.6628,61.275,139.8268,52.0607,163.5536,30.1768,446.8929,68.6571,181.8143,96.6286,310.5464,9.8536,667.5000000000001,650,1806,625,1343,816,5240,35,0,0,0
2021-03-01,68.9629,365.2581,155.0984,99.2194,258.4065,946.9452999999999,292.1432,763.5671,287.571,462.0387,287.571,2092.891,20.0813,36.0955,18.5561,93.289,24.6568,192.67870000000002,21.0981,36.0955,18.5561,110.5742,52.8723,239.1962,52.0161,138.779,54.5129,137.1145,34.7468,417.1693,67.7548,182.3065,103.929,289.6806,21.8194,665.4903,658,1831,719,1288,825,5321,35,0,0,0
2021-04-01,79.9933,432.3583,154.3533,100.2733,274.625,1041.6032,291.686,825.3247,289.448,477.6887,367.5293,2251.6767,5.7787,43.0773,14.7093,76.436,23.3773,163.3786,6.5667,43.0773,14.7093,90.0947,60.1507,214.5987,51.6,130.505,49.235,139.75,75.25,446.34,53.1033,185.12,87.5167,222.7967,39.4567,587.9934,617,1976,708,1247,1006,5554,35,0,0,0
2021-05-01,79.8661,437.4919,166.8194,93.7677,283.4839,1061.4289999999999,288.5335,757.3103,302.7316,465.6484,388.6419,2202.8657000000003,10.6761,41.4335,23.3858,91.5097,26.6903,193.6954,11.4387,41.4335,23.3858,110.8284,65.8361,252.9225,52.2242,120.4694,57.0097,142.9403,67.4129,440.05649999999997,55.9839,164.5065,81.8226,233.1226,40.7677,576.2033,629,1884,752,1294,1057,5616,35,0,0,0
2021-06-01,72.67,427.2883,168.4367,100.555,348.985,1117.935,293.4267,757.936,312.3253,436.9073,434.4207,2235.016,9.456,52.5333,29.944,89.832,28.368,210.1333,9.456,52.5333,29.944,104.2787,59.6253,255.8373,53.32,116.745,57.62,119.97,53.535,401.18999999999994,63.19,162.87,68.8267,226.3567,36.7867,558.0301000000001,639,1877,761,1182,1149,5608,35,0,0,0
2021-07-01,80.6839,450.0306,187.8081,100.0371,365.5306,1184.0903,295.9935,787.1503,345.5665,459.6323,423.0542,2311.3968,12.4555,62.2774,28.4697,59.9897,43.4671,206.6594,12.7097,62.2774,28.4697,67.8697,68.8865,240.21300000000002,19.1419,112.1468,88.8435,129.8323,52.8484,402.8129,59.7161,163.9323,76.3677,252.3581,42.7774,595.1515999999999,644,1953,854,1214,1188,5853,35,0,0,0
2021-08-01,76.05,483.2855,193.5323,98.6742,407.2355,1258.7775000000001,311.6355,824.4503,367.9465,486.8252,392.4923,2383.3498,9.4052,86.4258,27.1987,88.4594,54.1432,265.6323,9.9135,86.4258,27.1987,94.8142,85.1548,303.50699999999995,38.7,120.0532,85.0984,140.0274,54.3048,438.1838,61.7258,170.8226,88.1387,283.3645,45.6484,649.7,674,2071,884,1307,1195,6131,35,0,0,0
2021-09-01,61.1217,457.4267,168.155,92.105,361.3783,1140.1867,303.8707,758.4333,326.4993,492.6087,360.0693,2241.4813,12.0827,83.2653,28.8933,84.5787,48.856,257.676,12.3453,83.2653,28.8933,88.256,81.4267,294.1866,43.215,121.69,76.97,126.635,53.32,421.83,62.0033,193.4267,87.5167,279.46,45.39,667.7967,643,1990,800,1271,1081,5785,35,0,0,0
2021-10-01,75.7774,486.2839,174.7242,128.3855,327.3694,1192.5404,317.1703,867.0445,297.6781,499.0981,350.3794,2331.3704,16.7768,81.5961,19.8271,111.3368,55.16,284.69680000000005,17.2852,83.3755,19.8271,117.6916,92.0181,330.1975,30.7935,135.0339,110.0661,137.9468,49.5194,463.35970000000003,65.171,197.8097,65.4581,267,57.1323,652.5711,673,2141,760,1312,1042,5928,35,0,0,0
2021-11-01,78.585,474.3267,183.9283,110.9767,407.0083,1254.825,311.828,915.8393,337.4407,492.1113,378.7193,2435.9386000000004,27.58,85.104,24.1653,115.836,69.0813,321.7666,29.4187,86.4173,24.1653,130.808,110.32,381.1293,27.735,146.63,109.435,132.87,66.22,482.89,60.2233,199.36,85.1433,232.29,45.0933,622.1099,683,2158,842,1274,1207,6164,35,0,0,0
2021-12-01,85.5903,468.2935,169,109.0323,392.7887,1224.7048,274.5761,908.1948,338.5877,448.3219,373.4813,2343.1618,29.9948,83.3755,32.791,89.4761,59.4813,295.1187,30.7574,83.3755,32.791,96.3394,116.1665,359.4298,24.5516,155.4242,91.1323,140.6516,69.9097,481.66940000000005,62.3,203.8387,99.6226,209.8677,44.2129,619.8419,613,2141,823,1174,1220,5971,35,0,0,0
2022-01-01,73.5968,433.9484,183.7194,72.779,405.6,1169.6435999999999,272.651,832.151,319.8174,401.8774,381.1819,2207.6787,33.8077,86.1716,41.1794,125.3174,67.6155,354.0916,34.8245,86.68,41.1794,130.4013,131.9265,425.0117,36.6194,160.6258,119.221,185.3855,59.5065,561.3582,65.4581,171.3968,85.5548,260.3968,43.6387,626.4452,644,1960,838,1212,1227,5881,35,0,0,0
2022-02-01,72.1268,444.8321,159.9464,78.7661,396.5464,1152.2178000000001,269.8921,865.0936,288.5421,365.54,382.0586,2171.1264,38.8371,88.0871,65.2914,149.4386,57.9743,399.62850000000003,39.9629,88.0871,65.2914,158.4443,112.0086,463.7943,41.6946,133.6071,111.9536,154.5696,55.2857,497.1106000000001,61.9821,193.2571,77.5571,269.225,37.5071,639.5284000000001,639,2044,809,1180,1209,5881,35,0,0,0
2022-03-01,65.4194,460.1161,126.2048,100.3097,394.6968,1146.7468,225.2439,862.2316,356.8768,401.1555,391.5297,2237.0375,24.4026,75.4955,37.1123,90.7471,58.4645,286.222,26.1819,75.4955,37.1123,90.7471,119.471,349.00780000000003,36.8274,97.7903,93.8371,121.9258,56.3855,406.7661,55.1226,180.2968,114.8387,211.5903,41.0548,602.9032000000001,489,2009,846,1075,1225,5644,35,0,0,0
2022-04-01,73.2333,478.8333,149.565,118.0183,392.925,1212.5748999999998,170.5853,915.0933,341.4193,406.0727,435.9127,2269.0833,26.792,90.3573,50.1693,145.5173,79.8507,392.68660000000006,26.792,91.1453,50.1693,147.0933,117.6747,432.8746,26.445,107.93,117.175,161.25,56.115,468.915,29.0733,187.4933,83.3633,271.1533,44.5,615.5832,363,2155,850,1259,1274,5901,35,0,0,0
2022-05-01,69.7806,461.2065,166.2742,105.7613,383.521,1186.5436000000002,237.2761,848.5148,343.8819,365.2994,413.9097,2208.8819,46.7716,102.6942,60.2439,198.0168,98.3729,506.0994,47.28,103.711,60.2439,198.271,128.3677,537.8736,48.8952,111.9387,106.529,213.8903,80.729,561.9822,46.2226,176.5645,96.7516,253.5065,44.5,617.5452,550,2061,888,1289,1271,6059,35,0,0,0
2022-06-01,84.2183,498.55,191.5333,74.0783,342.225,1190.6049,295.416,909.374,343.16,382.4493,372.5027,2302.902,39.1373,111.896,50.1693,240.6027,84.316,526.1213,39.6627,112.684,50.1693,244.28,108.744,555.54,42.785,130.29,87.505,190.06,45.365,496.005,55.7733,189.57,97.6033,237.3333,32.04,612.3199,676,2195,896,1300,1107,6174,35,0,0,0
2022-07-01,77.4129,487.1016,204.4355,78.7758,332.5484,1180.2742,307.0632,896.8845,390.3265,446.1561,379.9787,2420.4089999999997,41.1794,103.4568,74.2245,148.9574,90.4929,458.31100000000004,41.4335,104.7277,74.2245,152.7703,109.5574,482.7134,41.821,114.8516,122.3419,174.7742,44.7339,498.5226,64.0226,175.4161,119.4323,249.2,28.4226,636.4935999999999,689,2128,1036,1287,1110,6250,35,0,0,0
2022-08-01,81.5016,459.2984,216.1565,94.5855,354.0823,1205.6243,306.5819,823.2471,427.8671,456.0226,399.471,2413.1897,39.9084,90.7471,74.7329,163.1923,93.5432,462.1239,40.1626,92.0181,74.7329,168.7845,124.0465,499.7446,28.7129,116.3081,114.2274,131.0806,55.9694,446.2984,62.8742,150.4387,121.729,256.3774,33.8774,625.2967,667,1969,1093,1291,1181,6201,35,0,0,0
2022-09-01,71.2617,476.2983,178.5767,108.4417,351.2383,1185.8166999999999,308.5953,867.598,348.382,358.08,378.7193,2261.3746,33.884,110.0573,66.7173,155.7613,86.4173,452.8372,35.1973,111.108,66.7173,164.9547,136.8493,514.8266,49.665,137.6,110.295,193.285,76.54,567.385,59.9267,178,106.5033,196.0967,32.6333,573.1599999999999,660,2113,917,1213,1179,6082,35,0,0,0
2022-10-01,60.7855,474.5629,90.4968,62.1484,345.0871,1033.0807,270.9665,908.1948,178.3181,402.5994,436.049,2196.1278,30.5032,111.3368,27.9613,138.0271,67.6155,375.4439,31.0116,112.0994,27.9613,145.3987,117.6916,434.1626,39.1161,124.2145,69.7016,265.4903,83.6419,582.1644,50.8161,184.6032,83.8323,270.4452,36.1742,625.871,618,2132,499,1315,1197,5761,35,0,0,0
2022-11-01,50.1367,480.805,178.0133,77.74,323.635,1110.33,256.1267,906.39,360.318,385.9307,418.2573,2327.0227000000004,34.4093,95.8733,48.068,134.2227,60.4133,372.9866,35.1973,96.924,48.068,171.784,107.6933,459.6666,45.58,119.325,138.675,135.45,54.395,493.425,56.96,202.6233,113.92,233.18,34.4133,641.0966000000001,621,2139,926,1155,1139,5980,35,0,0,0
2022-12-01,64.0565,481.9226,201.1645,85.3177,357.8984,1190.3597,249.0677,918.0613,426.1826,463.4826,422.3323,2479.1265,35.0787,89.9845,55.9226,143.3652,57.7019,382.0529,35.0787,89.9845,55.9226,173.1058,118.2,472.29159999999996,47.4387,119.429,123.3823,163.3306,53.6806,507.26120000000003,52.8258,196.6613,140.9645,244.0323,38.7581,673.242,620,2086,1044,1304,1160,6214,35,0,0,0
2023-01-01,75.7774,452.7565,212.8855,110.3952,388.1548,1239.9694,287.0897,864.8787,421.851,439.1774,377.091,2390.0878,39.1458,92.2723,73.9703,157.8542,73.9703,437.2129,40.4168,93.7974,73.9703,188.3574,134.9768,531.5187000000001,37.4516,89.8839,126.2952,132.5371,55.9694,442.1372,61.4387,185.4645,131.7774,240.5871,39.3323,658.6,662,1935,1055,1308,1173,6133,35,0,0,0
2023-02-01,85.4054,433.6661,193.7464,145.7625,385.6821,1244.2625,290.6736,861.3636,422.5557,419.3586,368.4707,2362.4222,42.2143,95.6857,72.0457,133.6786,71.7643,415.38859999999994,43.34,95.6857,72.0457,145.2171,144.9357,501.2242,18.8893,85.2321,102.7393,199.95,48.1446,454.95529999999997,68.0214,190.7143,145.5786,223.1357,41.3214,668.7714000000001,666,1926,1055,1314,1181,6142,35,0,0,0
2023-03-01,84.2274,400.9661,131.3839,119.1177,351.9016,1087.5967,296.7155,785.2252,220.1903,393.6955,397.5458,2093.3723,38.6374,100.9148,35.8413,149.2116,73.7161,398.3212,39.4,101.4232,35.8413,154.5497,139.2981,470.5123,40.3645,113.6032,60.1306,176.4387,47.4387,437.9757,61.7258,195.8,69.1903,237.1419,72.6355,636.4934999999999,664,1867,587,1253,1217,5588,35,0,0,0
2023-04-01,93.2317,384.7567,128.44,111.54,361.0967,1079.0651,280.9933,736.302,262.3433,447.8487,359.572,2087.0593,30.9947,83.7907,49.644,173.36,73.8093,411.5987,31.7827,83.7907,49.644,178.3507,125.292,468.8601,33.325,124.915,88.795,167.27,52.89,467.19500000000005,57.85,191.0533,86.33,253.0567,43.9067,632.1967,649,1800,698,1347,1137,5631,35,0,0,0
2023-05-01,90.2242,378.8871,186.9903,93.7677,366.8935,1116.7628,269.7632,763.3265,392.9735,378.0535,370.5935,2174.7102,36.0955,83.6297,76.5123,183.7819,82.8671,462.8865,36.0955,84.3923,76.5123,186.5781,121.5045,505.08270000000005,33.4984,103.6161,114.2274,184.3452,50.5597,486.2468,55.6968,193.7903,120.0065,281.0677,41.9161,692.4774000000001,630,1814,1023,1298,1163,5928,35,0,0,0
2023-06-01,85.6267,461.9333,204.49,105.9067,340.8167,1198.7734,267.5653,827.0653,414.776,341.4193,322.5207,2173.3466,46.7547,94.56,75.648,177.8253,81.952,476.74,47.0173,94.8227,75.648,179.9267,110.0573,507.47200000000004,35.69,95.89,91.375,131.365,44.29,398.61,60.52,175.9233,125.49,279.7567,35.6,677.2900000000001,643,1973,1056,1208,1044,5924,35,0,0,0
2023-07-01,91.0419,464.4774,216.429,98.129,355.1726,1225.2498999999998,292.6245,826.3755,430.0329,369.631,341.9568,2260.6207,44.2297,107.7781,82.6129,181.24,99.3897,515.2504,44.2297,107.7781,82.6129,190.391,130.1471,555.1588,19.1419,76.7758,96.1258,129.4161,66.3726,387.83220000000006,52.2516,171.1097,120.8677,285.0871,37.6097,666.9258,659,1969,1095,1255,1133,6111,35,0,0,0
2023-08-01,66.2371,454.9371,232.5113,103.5806,360.8968,1218.1628999999998,293.5871,845.3865,433.8832,395.8613,352.3045,2321.0226000000002,39.6542,117.9458,88.9677,197.7626,85.9174,530.2477,39.6542,119.471,88.9677,207.9303,119.2168,575.24,61.7952,83.4339,119.221,168.7403,55.5532,488.7436,61.7258,183.1677,135.7968,308.3419,31.8677,720.8999,663,1999,1134,1385,1119,6300,35,0,0,0
2023-09-01,52.9533,432.9217,224.2067,90.9783,358.28,1159.34,270.5493,778.078,424.2253,433.9233,340.6733,2247.4492,32.0453,104.5413,75.1227,180.7147,73.5467,465.97069999999997,33.6213,105.8547,75.1227,183.3413,103.7533,501.6933,61.705,84.925,118.895,200.595,50.955,517.075,61.41,173.2533,139.73,271.45,36.1933,682.0366,627,1868,1116,1377,1084,6072,35,0,0,0
2023-10-01,62.421,401.5113,175.5419,112.8484,297.1129,1049.4355,261.5813,729.3955,378.2942,419.4445,290.94,2079.6555,36.8581,101.6774,73.4619,176.9187,43.9755,432.89160000000004,37.8748,102.1858,73.4619,187.0865,84.3923,485.0013,62.6274,109.2339,131.7048,191.6274,28.5048,523.6983,55.6968,155.8935,151.8742,258.3871,30.4323,652.2839,604,1762,1012,1340,890,5608,35,0,0,0
2023-11-01,56.615,396.5867,179.7033,91.5417,332.93,1057.3767,257.6187,758.1847,389.412,402.84,312.574,2120.6294,34.9347,87.468,73.0213,161.54,43.0773,400.0413,35.46,87.468,73.0213,172.3093,97.712,465.9706,79.335,144.265,112.445,173.72,74.39,584.155,52.51,137.95,156.0467,266.7033,31.4467,644.6567,621,1784,1003,1270,1022,5700,35,0,0,0
2023-12-01,62.9661,445.3968,182.629,87.2258,386.5194,1164.7371,299.6032,860.0658,391.7703,419.9258,364.3368,2335.7019,36.8581,93.7974,76.5123,182.511,54.6516,444.33040000000005,37.1123,93.7974,76.5123,185.3071,126.5884,519.3175,68.0371,137.5306,120.2613,180.1839,65.7484,571.7613,58.8548,186.0387,133.2129,311.7871,37.8968,727.7903,679,1973,989,1322,1164,6127,35,0,0,0
2024-01-01,80.6839,468.2935,169.5452,79.0484,363.8952,1161.4662,288.0523,849.2368,329.9245,405.7277,335.9406,2208.8819,44.7381,86.68,58.7187,167.0052,63.2942,420.4362,46.2632,88.4594,58.7187,172.3432,122.0129,487.7974,35.7871,105.0726,131.4968,193.2919,65.5403,531.1886999999999,59.429,185.7516,103.6419,287.0968,35.0258,670.9451,669,1938,870,1293,1095,5865,35,0,0,0
2024-02-01,72.5534,486.6034,165.7948,46.6207,370.9259,1142.4982,290.94,899.3159,357.051,375.3152,360.9097,2283.5318,39.4,94.8317,77.4414,160.0455,61.1379,432.8565,41.0303,94.8317,77.4414,164.3931,113.5807,491.2772,26.0224,101.4207,98.7517,187.2724,56.9379,470.4051,60.7655,204.3931,123.0655,309.6586,43.2724,741.1550999999998,664,2062,910,1202,1115,5953,35,0,0,0
2024-03-01,61.8758,469.3839,157.279,30.529,380.7952,1099.8629,298.6406,862.2316,317.1703,370.1123,360.7271,2208.8819,38.8916,95.3226,73.9703,124.0465,54.1432,386.3742,39.6542,95.3226,73.9703,125.3174,110.8284,445.0929,27.2565,103.6161,102.5758,204.5274,66.7887,504.7645,64.3097,207.571,101.6323,265.2774,29.8581,668.6485,653,2025,847,1086,1159,5770,35,0,0,0
2024-04-01,92.95,456.0183,172.9433,59.15,334.9017,1115.9633,304.1193,880.0313,335.2027,274.7767,363.302,2157.4320000000002,53.0587,110.5827,61.2013,146.8307,59.6253,431.2987,53.0587,110.5827,61.2013,157.0747,109.532,491.4494,20.855,115.24,124.915,173.72,63.855,498.58500000000004,59.3333,214.1933,91.9667,215.6767,46.5767,627.7466999999999,679,2090,876,1002,1110,5757,35,0,0,0
2024-05-01,91.0419,477.8339,188.0806,94.8581,323.2806,1175.0951,291.1806,886.5368,344.3632,340.5129,355.6735,2218.267,44.2297,109.3032,73.2077,133.1974,77.529,437.467,44.2297,109.8116,73.2077,138.2813,104.7277,470.25800000000004,25.3839,116.3081,119.6371,123.3823,47.6468,432.3582,62.8742,194.6516,97.6129,235.9935,44.7871,635.9193,661,2102,922,1032,1084,5801,35,0,0,0
2024-06-01,105.9067,476.2983,208.1517,88.1617,348.985,1227.5034,295.1673,885.0047,379.2167,403.586,362.556,2325.5307,46.2293,115.048,92.4587,222.4787,85.3667,561.5814,46.2293,115.048,92.4587,223.004,124.7667,601.5067,25.37,107.5,129,133.085,37.41,432.365,57.5533,192.8333,108.58,205.8867,39.7533,604.6066,702,2095,1053,1196,1114,6160,35,0,0,0
2024-07-01,83.9548,487.1016,194.35,83.4097,329.0048,1177.8209000000002,297.1968,892.5529,400.9148,443.9903,347.0103,2381.6651,48.8052,107.0155,86.1716,169.2929,82.1045,493.38970000000006,48.8052,108.0323,86.1716,174.1226,113.3703,530.5020000000001,29.5452,101.1194,119.6371,138.1548,58.6742,447.1307,69.4774,192.0677,121.1548,286.8097,51.3903,720.8999,688,2095,1060,1318,1087,6248,35,0,0,0
2024-08-01,85.5903,500.1855,212.3403,98.6742,349.721,1246.5113000000001,279.8703,863.9161,380.46,396.1019,370.5935,2290.9418,42.4503,104.7277,88.7135,184.7987,90.2387,510.9289,42.4503,105.7445,88.7135,187.0865,128.1135,552.1083,41.1968,104.0323,97.1661,130.0403,56.5935,429.02900000000005,61.4387,168.5258,113.4032,281.929,42.4903,667.787,662,2065,1027,1264,1141,6159,35,0,0,0
2024-09-01,83.655,496.2967,213.2217,102.5267,314.6217,1210.3218,280.496,818.6107,415.0247,426.712,323.764,2264.6074,38.0867,101.1267,80.376,165.2173,81.164,465.97069999999997,38.3493,101.652,80.376,178.088,131.0707,529.5360000000001,42.785,95.675,94.815,200.38,50.955,484.60999999999996,59.63,157.53,84.2533,258.1,26.7,586.2133000000001,656,1988,1019,1333,1042,6038,35,0,0,0
2024-10-01,78.2306,459.0258,210.4323,100.3097,286.4823,1134.4807,283.7206,788.5942,376.8503,351.5826,318.3735,2119.1212,41.9419,110.8284,70.6658,148.7032,75.2413,447.3806000000001,43.2129,111.591,70.6658,152.0077,131.9265,509.4039,32.6661,102.3677,126.2952,115.0597,43.9016,420.2903,58.5677,150.7258,98.7613,267.5742,11.4839,587.1129,651,1900,1006,1191,983,5731,35,0,0,0
2024-11-01,85.345,500.8033,232.6567,83.0917,368.1383,1270.035,276.02,839.4987,438.1507,329.2347,385.9307,2268.8348,42.0267,99.0253,74.5973,163.3787,79.0627,458.0907,42.0267,99.8133,74.5973,168.8947,136.0613,521.3933,38.915,114.595,96.105,139.32,85.785,474.72,64.3767,188.9767,105.02,275.9,41.83,676.1034000000001,652,2040,1070,1168,1249,6179,35,0,0,0
2024-12-01,87.771,501.821,224.3339,98.9468,385.429,1298.3017,281.3142,883.8897,413.9097,261.5813,386.2355,2226.9304,41.6877,100.4065,90.2387,164.4632,79.3084,476.10450000000003,42.7045,101.6774,90.2387,203.1006,138.2813,576.0024999999999,32.25,86.7629,123.1742,150.8468,92.3806,485.41450000000003,67.7548,194.0774,130.0548,246.6161,41.0548,679.5579,649,2033,1086,1111,1218,6097,35,0,0,0
2025-01-01,90.2242,488.4645,216.429,87.4984,387.8823,1270.4984,275.7794,847.3116,399.471,281.7955,392.9735,2197.3309999999997,40.9252,97.1019,93.7974,152.7703,80.5794,465.1742,42.9587,97.1019,93.7974,173.36,136.7561,543.9741,29.3371,126.9194,106.9452,160.8339,82.1855,506.2210999999999,58.8548,180.2968,125.7484,302.3129,42.7774,709.9902999999999,629,1987,1046,1206,1234,6102,35,0,0,0
2025-02-01,73.3339,443.0214,189.5214,79.6714,315.6679,1101.216,261.8993,821.3993,360.7443,250.9757,301.5971,1996.6157,40.2443,85.5543,84.71,140.1514,40.2443,390.9043,41.0886,85.5543,84.71,149.1571,107.7871,468.2971,30.8679,136.6018,100.6661,173.6893,68.4161,510.24120000000005,57.5321,167.5107,113.1571,313.4071,38.4607,690.0677,592,1910,959,1150,1014,5625,35,0,0,0
2025-03-01,80.4113,461.479,186.1726,90.7694,276.3968,1095.2291,292.3839,826.6161,406.6903,331.609,258.9342,2116.2335,41.6877,90.4929,75.4955,168.5303,31.0116,407.218,42.9587,90.4929,75.4955,172.8516,92.7806,474.57930000000005,52.4323,79.8968,79.6887,191.2113,44.5258,447.75489999999996,60.2903,184.3161,137.8065,318.9645,42.7774,744.1548,676,1925,987,1264,893,5745,35,0,0,0
2025-04-01,94.0767,475.735,181.675,84.5,336.8733,1172.86,305.6113,805.4313,367.032,320.78,362.556,2161.4105999999997,42.552,78.8,62.7773,189.12,65.6667,438.916,42.552,78.8,62.7773,191.7467,112.9467,488.8227,24.94,100.835,55.47,192.21,54.395,427.85,61.7067,155.75,91.3733,282.4267,42.4233,633.6800000000001,680,1919,858,1219,1124,5800,35,0,0,0
2025-05-01,89.9516,471.5645,203.6177,67.8726,360.3516,1193.3580000000002,286.849,798.22,327.5181,263.7471,340.5129,2016.8471,40.1626,83.1213,51.8555,132.4348,77.7832,385.3574,40.1626,83.1213,51.8555,141.5858,120.9961,437.7213,32.25,82.1855,78.0242,136.4903,63.6677,392.6177,62.3,155.0323,61.1516,241.4484,35.8871,555.8194,662,1840,832,1014,1147,5495,35,0,0,0
2025-06-01,89.0067,509.535,219.4183,69.0083,341.6617,1228.63,299.892,829.8007,385.4333,291.9347,353.604,2160.6647,43.8653,85.6293,90.62,132.9093,78.8,431.82390000000004,43.8653,85.6293,90.62,135.536,125.8173,481.4679,26.23,88.795,72.455,103.63,41.925,333.035,65.2667,151.3,103.24,281.5367,36.7867,638.1301,692,1917,1009,1038,1133,5789,35,0,0,0
2025-07-01,87.2258,496.3694,227.0597,87.2258,329.8226,1227.7033000000001,283.2394,803.2735,421.851,351.3419,347.4916,2207.1973999999996,42.1961,97.1019,101.169,149.4658,92.5265,482.4593,42.1961,97.3561,101.169,156.0748,117.9458,514.7418,21.6387,111.1065,101.9516,155.6323,40.5726,430.9017,59.1419,168.8129,126.0355,289.3935,37.3226,680.7064,654,1981,1126,1198,1100,6059,35,0,0,0
2025-08-01,79.321,529.079,225.6968,82.8645,291.6613,1208.6226000000001,289.9774,875.2265,424.4981,360.2458,316.689,2266.6367999999998,37.3665,110.5742,101.9316,147.4323,76.2581,473.5627,39.1458,110.5742,101.9316,173.8684,103.4568,528.9768,43.9016,98.6226,106.1129,168.7403,60.5468,477.9242,58.2806,185.4645,113.1161,328.4387,39.0452,724.3451,668,2079,1103,1282,986,6118,35,0,0,0
2025-09-01,84.5,525.0267,202.2367,101.4,325.0433,1238.2067,266.0733,807.4207,400.3533,360.5667,366.5347,2200.9487000000004,32.8333,80.376,98.2373,126.868,54.8973,393.2119,34.9347,80.376,98.2373,152.3467,96.3987,462.2934,28.38,99.545,95.245,183.395,38.485,445.05000000000007,54.29,171.77,140.9167,227.2467,35.6,629.8234,610,1934,1067,1208,1029,5848,35,0,0,0
2025-10-01,42.7952,509.1806,190.5339,56.1516,339.6355,1138.2968,217.7839,854.0497,387.6794,435.5677,343.16,2238.2407,19.5729,97.1019,100.4065,135.4852,60.7523,413.3188,19.5729,97.1019,100.4065,157.3458,107.2697,481.6968,30.7935,115.0597,127.5435,160.0016,36.6194,470.0177,59.7161,188.3355,142.6871,369.7806,31.2935,791.8127999999999,499,2026,1064,1336,1035,5960,35,0,0,0
2025-11-01,46.1933,532.6317,203.645,65.6283,311.2417,1159.34,233.2493,872.3227,437.902,426.2147,336.446,2306.1347,23.3773,96.3987,92.984,140.264,49.3813,402.4053,23.9027,96.3987,92.984,171.2587,102.7027,487.24679999999995,40.205,123.84,106.425,173.505,39.56,483.535,56.3667,187.1967,142.1033,366.68,38.27,790.6167,523,2056,1097,1375,997,6048,35,0,0,0
2025-12-01,66.2371,529.6242,218.0645,71.4161,331.1855,1216.5274,318.3735,871.1355,419.9258,446.3968,347.7323,2403.5639,44.4839,106.2529,104.2194,141.5858,44.7381,441.28009999999995,44.4839,106.2529,104.2194,172.5974,105.2361,532.7896999999999,56.1774,92.5887,97.9984,164.579,39.1161,450.4596,66.8935,188.6226,153.8839,331.8839,29.2839,770.5677999999999,694,2011,1098,1378,1038,6219,35,0,0,0
2026-01-01,82.5919,454.9371,204.1629,78.2306,349.1758,1169.0983,309.4697,806.6426,386.9574,409.5781,333.0529,2245.7007,36.0955,113.6245,93.289,145.6529,53.889,442.5509,36.8581,114.6413,93.289,172.5974,116.6748,534.0606,34.3306,59.2984,93.629,169.7806,43.9016,400.9402,71.2,195.8,149.2903,265.5645,29.2839,711.1387000000001,681,1883,1026,1280,1030,5900,35,0,0,0
2026-02-01,82.9911,470.7857,220.6054,86.0089,362.4446,1222.8357,242.7164,845.1114,387.1207,421.49,353.2843,2249.7228,47.5614,103.5657,98.5,138.1814,54.8786,442.6871,48.6871,103.5657,98.5,170.8271,97.3743,518.9542,23.7268,82.0071,102.2786,146.9679,34.3232,389.30359999999996,56.8964,184.3571,132.2286,280.35,27.6536,681.4857000000001,552,1980,1049,1276,1033,5890,35,0,0,0
2026-03-01,73.0516,426.0435,192.9871,110.1226,340.9984,1143.2032000000002,202.6232,752.7381,390.3265,406.6903,325.8335,2078.2116,41.4335,107.2697,117.9458,186.0697,60.2439,512.9626000000001,41.4335,107.2697,117.9458,214.2852,118.4542,599.3884,23.3032,50.9758,87.179,164.9952,39.9484,366.40160000000003,44.7871,172.2581,152.1613,250.6355,35.8871,655.7291,447,1770,1058,1323,1038,5636,35,0,0,0
2026-04-01,71.2617,404.755,174.6333,95.7667,313.2133,1059.63,306.3573,743.016,400.8507,368.7727,299.892,2118.8887,48.856,108.744,115.5733,198.8387,86.1547,558.1667,50.432,108.744,115.5733,236.1373,113.7347,624.6213,36.335,57.835,106.855,127.925,43.43,372.38,63.4867,166.1333,155.75,293.9967,29.0733,708.44,691,1755,1073,1298,958,5775,35,0,0,0
2026-05-01,78.2306,467.7484,157.279,106.0339,272.0355,1081.3274000000001,298.4,841.7768,335.2187,361.449,315.4858,2152.3303,48.551,121.5045,104.4735,188.6116,74.9871,538.1277,48.551,121.5045,104.4735,228.7742,101.4232,604.7264,26.8403,40.1565,99.0387,171.6532,51.1839,388.87260000000003,65.4581,178.8613,134.3613,277.0484,51.1032,706.8323,672,1957,932,1319,955,5835,35,0,0,0
2026-06-01,73.2333,449.8217,169.5633,109.5683,314.9033,1117.0899000000002,270.798,820.1027,323.764,382.2007,356.8367,2153.7021,47.28,122.4027,87.2053,200.4147,73.0213,530.3240000000001,47.28,122.6653,87.2053,239.0267,100.076,596.2533,29.455,56.975,72.025,182.105,32.895,373.455,56.3667,184.8233,94.34,286.58,38.27,660.3799999999999,605,2002,853,1379,1028,5867,35,13,0,0
